from,to
DropSolver.jl,backends.jl
DropSolver.jl,contact.jl
DropSolver.jl,integrals.jl
DropSolver.jl,jacobian.jl
DropSolver.jl,newton.jl
DropSolver.jl,ob_extension.jl
DropSolver.jl,postprocessing.jl
DropSolver.jl,reid.jl
DropSolver.jl,residual.jl
DropSolver.jl,residual_v1.jl
DropSolver.jl,st_exact_extension.jl
DropSolver.jl,st_extension.jl
DropSolver.jl,timestepper.jl
DropSolver.jl,timestepper_v1.jl
DropSolver.jl,types.jl
DropSolver.jl,variational.jl
DropSolver.jl,variational_solve.jl
backends.jl,contact.jl
backends.jl,integrals.jl
backends.jl,timestepper.jl
backends.jl,types.jl
backends.jl,variational.jl
backends.jl,variational_solve.jl
contact.jl,legendre.jl
contact.jl,types.jl
integrals.jl,legendre.jl
jacobian.jl,bdf.jl
jacobian.jl,legendre.jl
jacobian.jl,types.jl
ob_extension.jl,bdf.jl
ob_extension.jl,jacobian.jl
ob_extension.jl,residual.jl
ob_extension.jl,types.jl
postprocessing.jl,legendre.jl
postprocessing.jl,types.jl
postprocessing.jl,variational_solve.jl
residual.jl,bdf.jl
residual.jl,legendre.jl
residual.jl,types.jl
residual_v1.jl,bdf.jl
residual_v1.jl,integrals.jl
residual_v1.jl,legendre.jl
residual_v1.jl,types.jl
st_exact_extension.jl,bdf.jl
st_exact_extension.jl,integrals.jl
st_exact_extension.jl,jacobian.jl
st_exact_extension.jl,reid.jl
st_exact_extension.jl,residual.jl
st_exact_extension.jl,types.jl
st_extension.jl,jacobian.jl
st_extension.jl,residual.jl
st_extension.jl,types.jl
timestepper.jl,contact.jl
timestepper.jl,jacobian.jl
timestepper.jl,newton.jl
timestepper.jl,ob_extension.jl
timestepper.jl,residual.jl
timestepper.jl,st_exact_extension.jl
timestepper.jl,st_extension.jl
timestepper.jl,types.jl
timestepper_v1.jl,contact.jl
timestepper_v1.jl,integrals.jl
timestepper_v1.jl,residual.jl
timestepper_v1.jl,residual_v1.jl
timestepper_v1.jl,types.jl
types.jl,reid.jl
variational.jl,integrals.jl
variational_solve.jl,integrals.jl
variational_solve.jl,variational.jl
