surface,population,R_m,Oh,Bo,We,cor_theirs,We_ours,cor_ours
glaco,large,0.0014651163,0.0030835438,0.29159217,0.0026619517,0,NaN,0
glaco,large,0.0014651163,0.0030835438,0.29159217,0.0031850944,0,NaN,0
glaco,large,0.0014651163,0.0030835438,0.29159217,0.0038110481,0,NaN,0
glaco,large,0.0014651163,0.0030835438,0.29159217,0.0045600181,0,NaN,0
glaco,large,0.0014651163,0.0030835438,0.29159217,0.00545618,0,NaN,0
glaco,large,0.0014651163,0.0030835438,0.29159217,0.0065284611,0,NaN,0
glaco,large,0.0014651163,0.0030835438,0.29159217,0.0078114733,0,NaN,0
glaco,large,0.0014651163,0.0030835438,0.29159217,0.0093466307,0,NaN,0
glaco,large,0.0014651163,0.0030835438,0.29159217,0.011183486,0,NaN,0
glaco,large,0.0014651163,0.0030835438,0.29159217,0.013381332,0,0.001717645,0
glaco,large,0.0014651163,0.0030835438,0.29159217,0.014637281,0,0.002973594,0
glaco,large,0.0014651163,0.0030835438,0.29159217,0.015308793,0,0.0036451057,0
glaco,large,0.0014651163,0.0030835438,0.29159217,0.016011111,0.37521033,0.0043474243,0.37521033
glaco,large,0.0014651163,0.0030835438,0.29159217,0.01674565,0.49999771,0.0050819629,0.49999771
glaco,large,0.0014651163,0.0030835438,0.29159217,0.017513887,0.57853125,0.0058501998,0.57853125
glaco,large,0.0014651163,0.0030835438,0.29159217,0.018317368,0.6341175,0.006653681,0.6341175
glaco,large,0.0014651163,0.0030835438,0.29159217,0.01915771,0.67597527,0.0074940234,0.67597527
glaco,large,0.0014651163,0.0030835438,0.29159217,0.020036605,0.70877682,0.008372918,0.70877682
glaco,large,0.0014651163,0.0030835438,0.29159217,0.02095582,0.73523381,0.0092921334,0.73523381
glaco,large,0.0014651163,0.0030835438,0.29159217,0.021917206,0.75720173,0.01025352,0.75720173
glaco,large,0.0014651163,0.0030835438,0.29159217,0.022922698,0.77577493,0.011259011,0.77577493
glaco,large,0.0014651163,0.0030835438,0.29159217,0.025074183,0.80552017,0.013410496,0.80552017
glaco,large,0.0014651163,0.0030835438,0.29159217,0.027427603,0.82813342,0.015763916,0.82813342
glaco,large,0.0014651163,0.0030835438,0.29159217,0.030001911,0.84601714,0.018338224,0.84601714
glaco,large,0.0014651163,0.0030835438,0.29159217,0.03281784,0.86080294,0.021154153,0.86080294
glaco,large,0.0014651163,0.0030835438,0.29159217,0.039267397,0.88515341,0.02760371,0.88515341
glaco,large,0.0014651163,0.0030835438,0.29159217,0.046984461,0.90411031,0.035320774,0.90411031
glaco,large,0.0014651163,0.0030835438,0.29159217,0.056218127,0.91837547,0.044554441,0.91837547
glaco,large,0.0014651163,0.0030835438,0.29159217,0.067266449,0.9281166,0.055602763,0.9281166
glaco,large,0.0014651163,0.0030835438,0.29159217,0.080486054,0.93279239,0.068822367,0.93279239
glaco,large,0.0014651163,0.0030835438,0.29159217,0.096303653,0.93477535,0.084639967,0.93477535
glaco,large,0.0014651163,0.0030835438,0.29159217,0.11522982,0.93468409,0.10356614,0.93468409
glaco,large,0.0014651163,0.0030835438,0.29159217,0.13787548,0.9341868,0.12621179,0.9341868
glaco,large,0.0014651163,0.0030835438,0.29159217,0.16497159,0.93433127,0.1533079,0.93433127
glaco,large,0.0014651163,0.0030835438,0.29159217,0.19739279,0.93424518,0.1857291,0.93424518
glaco,large,0.0014651163,0.0030835438,0.29159217,0.2361856,0.93246708,0.22452191,0.93246708
glaco,large,0.0014651163,0.0030835438,0.29159217,0.2826022,0.9281788,0.27093851,0.9281788
glaco,large,0.0014651163,0.0030835438,0.29159217,0.33814087,0.92193823,0.32647719,0.92193823
glaco,large,0.0014651163,0.0030835438,0.29159217,0.40459434,0.91357599,0.39293065,0.91357599
glaco,large,0.0014651163,0.0030835438,0.29159217,0.48410763,0.90405996,0.47244394,0.90405996
glaco,large,0.0014651163,0.0030835438,0.29159217,0.57924735,0.8936193,0.56758367,0.8936193
glaco,large,0.0014651163,0.0030835438,0.29159217,0.6930845,0.88325272,0.68142081,0.88325272
glaco,large,0.0014651163,0.0030835438,0.29159217,0.8292936,0.87232288,0.81762992,0.87232288
glaco,large,0.0014651163,0.0030835438,0.29159217,0.99227133,0.85999394,0.98060765,0.85999394
glaco,large,0.0014651163,0.0030835438,0.29159217,1.1872784,0.84602741,1.1756147,0.84602741
glaco,large,0.0014651163,0.0030835438,0.29159217,1.4206095,0.82989001,1.4089458,0.82989001
glaco,large,0.0014651163,0.0030835438,0.29159217,1.6997961,0.81244063,1.6881324,0.81244063
glaco,large,0.0014651163,0.0030835438,0.29159217,2.0338502,0.79371618,2.0221865,0.79371618
glaco,large,0.0014651163,0.0030835438,0.29159217,2.4335546,0.77489541,2.4218909,0.77489541
glaco,large,0.0014651163,0.0030835438,0.29159217,2.9118113,0.75555046,2.9001476,0.75555046
glaco,large,0.0014651163,0.0030835438,0.29159217,3.4840578,0.73621496,3.4723941,0.73621496
glaco,small,2.4025987e-05,0.024079394,7.8414097e-05,9.4096916e-07,0,NaN,0
glaco,small,2.4025987e-05,0.024079394,7.8414097e-05,1.1419388e-06,0,NaN,0
glaco,small,2.4025987e-05,0.024079394,7.8414097e-05,1.3858309e-06,0,NaN,0
glaco,small,2.4025987e-05,0.024079394,7.8414097e-05,1.6818129e-06,0,NaN,0
glaco,small,2.4025987e-05,0.024079394,7.8414097e-05,2.0410099e-06,0,NaN,0
glaco,small,2.4025987e-05,0.024079394,7.8414097e-05,2.4769233e-06,0,NaN,0
glaco,small,2.4025987e-05,0.024079394,7.8414097e-05,3.0059378e-06,0,NaN,0
glaco,small,2.4025987e-05,0.024079394,7.8414097e-05,3.1549817e-06,0,1.8417829e-08,0
glaco,small,2.4025987e-05,0.024079394,7.8414097e-05,3.2322525e-06,0,9.5688582e-08,0
glaco,small,2.4025987e-05,0.024079394,7.8414097e-05,3.3114157e-06,0.44165797,1.7485182e-07,0.44165797
glaco,small,2.4025987e-05,0.024079394,7.8414097e-05,3.3925178e-06,0.66081759,2.559539e-07,0.66081759
glaco,small,2.4025987e-05,0.024079394,7.8414097e-05,3.4756062e-06,0.75121644,3.3904231e-07,0.75121644
glaco,small,2.4025987e-05,0.024079394,7.8414097e-05,3.5607296e-06,0.8020198,4.2416569e-07,0.8020198
glaco,small,2.4025987e-05,0.024079394,7.8414097e-05,3.6479378e-06,0.83476505,5.1137388e-07,0.83476505
glaco,small,2.4025987e-05,0.024079394,7.8414097e-05,3.7372818e-06,0.85766438,6.0071795e-07,0.85766438
glaco,small,2.4025987e-05,0.024079394,7.8414097e-05,3.8288141e-06,0.87460253,6.922502e-07,0.87460253
glaco,small,2.4025987e-05,0.024079394,7.8414097e-05,4.0186588e-06,0.89796856,8.8209494e-07,0.89796856
glaco,small,2.4025987e-05,0.024079394,7.8414097e-05,4.4270543e-06,0.92418823,1.2904905e-06,0.92418823
glaco,small,2.4025987e-05,0.024079394,7.8414097e-05,5.3725725e-06,0.94746613,2.2360086e-06,0.94746613
glaco,small,2.4025987e-05,0.024079394,7.8414097e-05,6.5200319e-06,0.9580178,3.383468e-06,0.9580178
glaco,small,2.4025987e-05,0.024079394,7.8414097e-05,7.9125624e-06,0.9639345,4.7759986e-06,0.9639345
glaco,small,2.4025987e-05,0.024079394,7.8414097e-05,9.6025059e-06,0.96765439,6.465942e-06,0.96765439
glaco,small,2.4025987e-05,0.024079394,7.8414097e-05,1.1653383e-05,0.97015839,8.516819e-06,0.97015839
glaco,small,2.4025987e-05,0.024079394,7.8414097e-05,1.4142281e-05,0.9719271,1.1005717e-05,0.9719271
glaco,small,2.4025987e-05,0.024079394,7.8414097e-05,1.716275e-05,0.97321419,1.4026186e-05,0.97321419
glaco,small,2.4025987e-05,0.024079394,7.8414097e-05,2.0828323e-05,0.97418616,1.769176e-05,0.97418616
glaco,small,2.4025987e-05,0.024079394,7.8414097e-05,2.527678e-05,0.97590636,2.2140216e-05,0.97590636
glaco,small,2.4025987e-05,0.024079394,7.8414097e-05,3.0675325e-05,0.97713895,2.7538762e-05,0.97713895
glaco,small,2.4025987e-05,0.024079394,7.8414097e-05,3.7226878e-05,0.97707025,3.4090314e-05,0.97707025
glaco,small,2.4025987e-05,0.024079394,7.8414097e-05,4.5177692e-05,0.97651708,4.2041129e-05,0.97651708
glaco,small,2.4025987e-05,0.024079394,7.8414097e-05,5.482662e-05,0.9757474,5.1690057e-05,0.9757474
glaco,small,2.4025987e-05,0.024079394,7.8414097e-05,6.653634e-05,0.97462394,6.3399776e-05,0.97462394
glaco,small,2.4025987e-05,0.024079394,7.8414097e-05,8.074699e-05,0.97317948,7.7610426e-05,0.97317948
glaco,small,2.4025987e-05,0.024079394,7.8414097e-05,9.7992711e-05,0.97153548,9.4856148e-05,0.97153548
glaco,small,2.4025987e-05,0.024079394,7.8414097e-05,0.00011892173,0.96980728,0.00011578516,0.96980728
glaco,small,2.4025987e-05,0.024079394,7.8414097e-05,0.0001443207,0.96807799,0.00014118414,0.96807799
glaco,small,2.4025987e-05,0.024079394,7.8414097e-05,0.00017514433,0.96694464,0.00017200776,0.96694464
glaco,small,2.4025987e-05,0.024079394,7.8414097e-05,0.00021255117,0.96738655,0.00020941461,0.96738655
glaco,small,2.4025987e-05,0.024079394,7.8414097e-05,0.00025794727,0.96691407,0.00025481071,0.96691407
glaco,small,2.4025987e-05,0.024079394,7.8414097e-05,0.00031303894,0.96561429,0.00030990238,0.96561429
glaco,small,2.4025987e-05,0.024079394,7.8414097e-05,0.00037989695,0.96379585,0.00037676038,0.96379585
glaco,small,2.4025987e-05,0.024079394,7.8414097e-05,0.0004610343,0.96177124,0.00045789774,0.96177124
glaco,small,2.4025987e-05,0.024079394,7.8414097e-05,0.00055950074,0.95962592,0.00055636418,0.95962592
glaco,small,2.4025987e-05,0.024079394,7.8414097e-05,0.00067899738,0.95871626,0.00067586082,0.95871626
glaco,small,2.4025987e-05,0.024079394,7.8414097e-05,0.00082401579,0.95843196,0.00082087923,0.95843196
glaco,small,2.4025987e-05,0.024079394,7.8414097e-05,0.0010000068,0.95743757,0.00099687027,0.95743757
glaco,small,2.4025987e-05,0.024079394,7.8414097e-05,0.0012135856,0.95583988,0.001210449,0.95583988
glaco,small,2.4025987e-05,0.024079394,7.8414097e-05,0.0014727798,0.95388454,0.0014696433,0.95388454
glaco,small,2.4025987e-05,0.024079394,7.8414097e-05,0.0017873321,0.9531613,0.0017841956,0.9531613
glaco,small,2.4025987e-05,0.024079394,7.8414097e-05,0.0021690657,0.95273307,0.0021659291,0.95273307
glaco,small,2.4025987e-05,0.024079394,7.8414097e-05,0.0026323288,0.95157131,0.0026291922,0.95157131
glaco,small,2.4025987e-05,0.024079394,7.8414097e-05,0.0031945344,0.94996719,0.0031913978,0.94996719
glaco,small,2.4025987e-05,0.024079394,7.8414097e-05,0.0038768143,0.94942623,0.0038736777,0.94942623
glaco,small,2.4025987e-05,0.024079394,7.8414097e-05,0.0047048137,0.94865349,0.0047016771,0.94865349
glaco,small,2.4025987e-05,0.024079394,7.8414097e-05,0.0057096549,0.94721544,0.0057065184,0.94721544
glaco,small,2.4025987e-05,0.024079394,7.8414097e-05,0.0069291074,0.9465068,0.0069259708,0.9465068
glaco,small,2.4025987e-05,0.024079394,7.8414097e-05,0.0084090072,0.945523,0.0084058707,0.945523
glaco,small,2.4025987e-05,0.024079394,7.8414097e-05,0.01020498,0.94423521,0.010201843,0.94423521
glaco,small,2.4025987e-05,0.024079394,7.8414097e-05,0.012384532,0.9433632,0.012381395,0.9433632
glaco,small,2.4025987e-05,0.024079394,7.8414097e-05,0.015029586,0.94189375,0.01502645,0.94189375
glaco,small,2.4025987e-05,0.024079394,7.8414097e-05,0.018239564,0.94078031,0.018236428,0.94078031
glaco,small,2.4025987e-05,0.024079394,7.8414097e-05,0.02213512,0.93906764,0.022131984,0.93906764
glaco,small,2.4025987e-05,0.024079394,7.8414097e-05,0.026862679,0.93749881,0.026859542,0.93749881
glaco,small,2.4025987e-05,0.024079394,7.8414097e-05,0.032599937,0.93525913,0.0325968,0.93525913
glaco,small,2.4025987e-05,0.024079394,7.8414097e-05,0.039562542,0.93291356,0.039559405,0.93291356
glaco,small,2.4025987e-05,0.024079394,7.8414097e-05,0.048012202,0.92977353,0.048009065,0.92977353
glaco,small,2.4025987e-05,0.024079394,7.8414097e-05,0.058266516,0.92611742,0.05826338,0.92611742
glaco,small,2.4025987e-05,0.024079394,7.8414097e-05,0.07071092,0.9216538,0.070707783,0.9216538
glaco,small,2.4025987e-05,0.024079394,7.8414097e-05,0.085813165,0.91628969,0.085810028,0.91628969
glaco,small,2.4025987e-05,0.024079394,7.8414097e-05,0.10414091,0.90981941,0.10413777,0.90981941
glaco,small,2.4025987e-05,0.024079394,7.8414097e-05,0.12638304,0.9022585,0.1263799,0.9022585
glaco,small,2.4025987e-05,0.024079394,7.8414097e-05,0.15337558,0.8934345,0.15337244,0.8934345
glaco,small,2.4025987e-05,0.024079394,7.8414097e-05,0.18613312,0.88334318,0.18612998,0.88334318
glaco,small,2.4025987e-05,0.024079394,7.8414097e-05,0.22588692,0.87182186,0.22588378,0.87182186
glaco,small,2.4025987e-05,0.024079394,7.8414097e-05,0.27413123,0.85898597,0.27412809,0.85898597
glaco,small,2.4025987e-05,0.024079394,7.8414097e-05,0.33267943,0.84475026,0.33267629,0.84475026
glaco,small,2.4025987e-05,0.024079394,7.8414097e-05,0.40373219,0.82921312,0.40372906,0.82921312
glaco,small,2.4025987e-05,0.024079394,7.8414097e-05,0.48996021,0.81252562,0.48995707,0.81252562
glaco,small,2.4025987e-05,0.024079394,7.8414097e-05,0.59460457,0.79468578,0.59460144,0.79468578
glaco,small,2.4025987e-05,0.024079394,7.8414097e-05,0.72159859,0.77591892,0.72159546,0.77591892
glaco,small,2.4025987e-05,0.024079394,7.8414097e-05,0.87571565,0.75629192,0.87571251,0.75629192
glaco,small,2.4025987e-05,0.024079394,7.8414097e-05,1.0627486,0.73599861,1.0627455,0.73599861
glaco,small,2.4025987e-05,0.024079394,7.8414097e-05,1.2897275,0.71519531,1.2897244,0.71519531
glaco,small,2.4025987e-05,0.024079394,7.8414097e-05,1.565184,0.69403215,1.5651809,0.69403215
glaco,small,2.4025987e-05,0.024079394,7.8414097e-05,1.8994718,0.67274419,1.8994686,0.67274419
glaco,small,2.4025987e-05,0.024079394,7.8414097e-05,2.3051557,0.65140646,2.3051526,0.65140646
glaco,small,2.4025987e-05,0.024079394,7.8414097e-05,2.7974846,0.63020193,2.7974815,0.63020193
glaco,small,2.4025987e-05,0.024079394,7.8414097e-05,3.3949637,0.6092157,3.3949606,0.6092157
glaco,small,2.4025987e-05,0.024079394,7.8414097e-05,4.1200508,0.58859,4.1200477,0.58859
glaco,small,2.4025987e-05,0.024079394,7.8414097e-05,5,0.56838382,4.9999969,0.56838382
glaco,small,4.8538987e-05,0.016941069,0.00032004651,9.4096916e-07,0,NaN,0
glaco,small,4.8538987e-05,0.016941069,0.00032004651,1.1419388e-06,0,NaN,0
glaco,small,4.8538987e-05,0.016941069,0.00032004651,1.3858309e-06,0,NaN,0
glaco,small,4.8538987e-05,0.016941069,0.00032004651,1.6818129e-06,0,NaN,0
glaco,small,4.8538987e-05,0.016941069,0.00032004651,2.0410099e-06,0,NaN,0
glaco,small,4.8538987e-05,0.016941069,0.00032004651,2.4769233e-06,0,NaN,0
glaco,small,4.8538987e-05,0.016941069,0.00032004651,3.0059378e-06,0,NaN,0
glaco,small,4.8538987e-05,0.016941069,0.00032004651,3.6479378e-06,0,NaN,0
glaco,small,4.8538987e-05,0.016941069,0.00032004651,4.4270543e-06,0,NaN,0
glaco,small,4.8538987e-05,0.016941069,0.00032004651,5.3725725e-06,0,NaN,0
glaco,small,4.8538987e-05,0.016941069,0.00032004651,6.5200319e-06,0,NaN,0
glaco,small,4.8538987e-05,0.016941069,0.00032004651,7.9125624e-06,0,NaN,0
glaco,small,4.8538987e-05,0.016941069,0.00032004651,9.6025059e-06,0,NaN,0
glaco,small,4.8538987e-05,0.016941069,0.00032004651,1.1653383e-05,0,NaN,0
glaco,small,4.8538987e-05,0.016941069,0.00032004651,1.2837656e-05,0,3.5795684e-08,0
glaco,small,4.8538987e-05,0.016941069,0.00032004651,1.3152071e-05,0,3.5021124e-07,0
glaco,small,4.8538987e-05,0.016941069,0.00032004651,1.3474188e-05,0.56437907,6.7232736e-07,0.56437907
glaco,small,4.8538987e-05,0.016941069,0.00032004651,1.3804193e-05,0.72989771,1.0023326e-06,0.72989771
glaco,small,4.8538987e-05,0.016941069,0.00032004651,1.4142281e-05,0.80175165,1.3404203e-06,0.80175165
glaco,small,4.8538987e-05,0.016941069,0.00032004651,1.4488649e-05,0.84248411,1.6867883e-06,0.84248411
glaco,small,4.8538987e-05,0.016941069,0.00032004651,1.48435e-05,0.86881595,2.0416394e-06,0.86881595
glaco,small,4.8538987e-05,0.016941069,0.00032004651,1.5207042e-05,0.88724563,2.4051814e-06,0.88724563
glaco,small,4.8538987e-05,0.016941069,0.00032004651,1.5579487e-05,0.9008687,2.7776272e-06,0.9008687
glaco,small,4.8538987e-05,0.016941069,0.00032004651,1.6351968e-05,0.91965408,3.5501075e-06,0.91965408
glaco,small,4.8538987e-05,0.016941069,0.00032004651,1.716275e-05,0.93186967,4.3608899e-06,0.93186967
glaco,small,4.8538987e-05,0.016941069,0.00032004651,2.0828323e-05,0.95462272,8.0264632e-06,0.95462272
glaco,small,4.8538987e-05,0.016941069,0.00032004651,2.527678e-05,0.96647237,1.247492e-05,0.96647237
glaco,small,4.8538987e-05,0.016941069,0.00032004651,3.0675325e-05,0.9718202,1.7873465e-05,0.9718202
glaco,small,4.8538987e-05,0.016941069,0.00032004651,3.7226878e-05,0.97460464,2.4425017e-05,0.97460464
glaco,small,4.8538987e-05,0.016941069,0.00032004651,4.5177692e-05,0.97623507,3.2375832e-05,0.97623507
glaco,small,4.8538987e-05,0.016941069,0.00032004651,5.482662e-05,0.97671458,4.202476e-05,0.97671458
glaco,small,4.8538987e-05,0.016941069,0.00032004651,6.653634e-05,0.97628421,5.373448e-05,0.97628421
glaco,small,4.8538987e-05,0.016941069,0.00032004651,8.074699e-05,0.97526492,6.794513e-05,0.97526492
glaco,small,4.8538987e-05,0.016941069,0.00032004651,9.7992711e-05,0.973916,8.5190851e-05,0.973916
glaco,small,4.8538987e-05,0.016941069,0.00032004651,0.00011892173,0.97241334,0.00010611987,0.97241334
glaco,small,4.8538987e-05,0.016941069,0.00032004651,0.0001443207,0.97085981,0.00013151884,0.97085981
glaco,small,4.8538987e-05,0.016941069,0.00032004651,0.00017514433,0.9707131,0.00016234247,0.9707131
glaco,small,4.8538987e-05,0.016941069,0.00032004651,0.00021255117,0.97120686,0.00019974931,0.97120686
glaco,small,4.8538987e-05,0.016941069,0.00032004651,0.00025794727,0.97043447,0.00024514541,0.97043447
glaco,small,4.8538987e-05,0.016941069,0.00032004651,0.00031303894,0.96886049,0.00030023708,0.96886049
glaco,small,4.8538987e-05,0.016941069,0.00032004651,0.00037989695,0.96685895,0.00036709509,0.96685895
glaco,small,4.8538987e-05,0.016941069,0.00032004651,0.0004610343,0.96469915,0.00044823244,0.96469915
glaco,small,4.8538987e-05,0.016941069,0.00032004651,0.00055950074,0.96254172,0.00054669888,0.96254172
glaco,small,4.8538987e-05,0.016941069,0.00032004651,0.00067899738,0.96222486,0.00066619552,0.96222486
glaco,small,4.8538987e-05,0.016941069,0.00032004651,0.00082401579,0.96186326,0.00081121393,0.96186326
glaco,small,4.8538987e-05,0.016941069,0.00032004651,0.0010000068,0.9608135,0.00098720497,0.9608135
glaco,small,4.8538987e-05,0.016941069,0.00032004651,0.0012135856,0.9592227,0.0012007837,0.9592227
glaco,small,4.8538987e-05,0.016941069,0.00032004651,0.0014727798,0.95749633,0.001459978,0.95749633
glaco,small,4.8538987e-05,0.016941069,0.00032004651,0.0017873321,0.95721379,0.0017745303,0.95721379
glaco,small,4.8538987e-05,0.016941069,0.00032004651,0.0021690657,0.95705944,0.0021562638,0.95705944
glaco,small,4.8538987e-05,0.016941069,0.00032004651,0.0026323288,0.95614189,0.0026195269,0.95614189
glaco,small,4.8538987e-05,0.016941069,0.00032004651,0.0031945344,0.95491999,0.0031817325,0.95491999
glaco,small,4.8538987e-05,0.016941069,0.00032004651,0.0038768143,0.95480984,0.0038640124,0.95480984
glaco,small,4.8538987e-05,0.016941069,0.00032004651,0.0047048137,0.95437507,0.0046920118,0.95437507
glaco,small,4.8538987e-05,0.016941069,0.00032004651,0.0057096549,0.95335221,0.0056968531,0.95335221
glaco,small,4.8538987e-05,0.016941069,0.00032004651,0.0069291074,0.95307082,0.0069163056,0.95307082
glaco,small,4.8538987e-05,0.016941069,0.00032004651,0.0084090072,0.95242858,0.0083962054,0.95242858
glaco,small,4.8538987e-05,0.016941069,0.00032004651,0.01020498,0.95166418,0.010192178,0.95166418
glaco,small,4.8538987e-05,0.016941069,0.00032004651,0.012384532,0.95125185,0.01237173,0.95125185
glaco,small,4.8538987e-05,0.016941069,0.00032004651,0.015029586,0.95035629,0.015016784,0.95035629
glaco,small,4.8538987e-05,0.016941069,0.00032004651,0.018239564,0.94984474,0.018226762,0.94984474
glaco,small,4.8538987e-05,0.016941069,0.00032004651,0.02213512,0.94882644,0.022122319,0.94882644
glaco,small,4.8538987e-05,0.016941069,0.00032004651,0.026862679,0.94804372,0.026849877,0.94804372
glaco,small,4.8538987e-05,0.016941069,0.00032004651,0.032599937,0.94663611,0.032587135,0.94663611
glaco,small,4.8538987e-05,0.016941069,0.00032004651,0.039562542,0.94523412,0.03954974,0.94523412
glaco,small,4.8538987e-05,0.016941069,0.00032004651,0.048012202,0.94307646,0.0479994,0.94307646
glaco,small,4.8538987e-05,0.016941069,0.00032004651,0.058266516,0.94041516,0.058253714,0.94041516
glaco,small,4.8538987e-05,0.016941069,0.00032004651,0.07071092,0.93707066,0.070698118,0.93707066
glaco,small,4.8538987e-05,0.016941069,0.00032004651,0.085813165,0.93285295,0.085800363,0.93285295
glaco,small,4.8538987e-05,0.016941069,0.00032004651,0.10414091,0.92760582,0.1041281,0.92760582
glaco,small,4.8538987e-05,0.016941069,0.00032004651,0.12638304,0.92126084,0.12637023,0.92126084
glaco,small,4.8538987e-05,0.016941069,0.00032004651,0.15337558,0.91377369,0.15336278,0.91377369
glaco,small,4.8538987e-05,0.016941069,0.00032004651,0.18613312,0.90502495,0.18612031,0.90502495
glaco,small,4.8538987e-05,0.016941069,0.00032004651,0.22588692,0.89493891,0.22587412,0.89493891
glaco,small,4.8538987e-05,0.016941069,0.00032004651,0.27413123,0.88354302,0.27411843,0.88354302
glaco,small,4.8538987e-05,0.016941069,0.00032004651,0.33267943,0.87074215,0.33266663,0.87074215
glaco,small,4.8538987e-05,0.016941069,0.00032004651,0.40373219,0.85669362,0.40371939,0.85669362
glaco,small,4.8538987e-05,0.016941069,0.00032004651,0.48996021,0.84140178,0.48994741,0.84140178
glaco,small,4.8538987e-05,0.016941069,0.00032004651,0.59460457,0.82501204,0.59459177,0.82501204
glaco,small,4.8538987e-05,0.016941069,0.00032004651,0.72159859,0.80754472,0.72158579,0.80754472
glaco,small,4.8538987e-05,0.016941069,0.00032004651,0.87571565,0.78917846,0.87570285,0.78917846
glaco,small,4.8538987e-05,0.016941069,0.00032004651,1.0627486,0.76997613,1.0627358,0.76997613
glaco,small,4.8538987e-05,0.016941069,0.00032004651,1.2897275,0.75014307,1.2897147,0.75014307
glaco,small,4.8538987e-05,0.016941069,0.00032004651,1.565184,0.72978983,1.5651712,0.72978983
glaco,small,4.8538987e-05,0.016941069,0.00032004651,1.8994718,0.70919378,1.899459,0.70919378
glaco,small,4.8538987e-05,0.016941069,0.00032004651,2.3051557,0.68844471,2.3051429,0.68844471
glaco,small,4.8538987e-05,0.016941069,0.00032004651,2.7974846,0.66767003,2.7974718,0.66767003
glaco,small,4.8538987e-05,0.016941069,0.00032004651,3.3949637,0.64693936,3.3949509,0.64693936
glaco,small,4.8538987e-05,0.016941069,0.00032004651,4.1200508,0.62651252,4.120038,0.62651252
glaco,small,4.8538987e-05,0.016941069,0.00032004651,5,0.60639212,4.9999872,0.60639212
glaco,small,0.00048194731,0.0053763359,0.031552283,9.4096916e-07,0,NaN,0
glaco,small,0.00048194731,0.0053763359,0.031552283,1.1419388e-06,0,NaN,0
glaco,small,0.00048194731,0.0053763359,0.031552283,1.3858309e-06,0,NaN,0
glaco,small,0.00048194731,0.0053763359,0.031552283,1.6818129e-06,0,NaN,0
glaco,small,0.00048194731,0.0053763359,0.031552283,2.0410099e-06,0,NaN,0
glaco,small,0.00048194731,0.0053763359,0.031552283,2.4769233e-06,0,NaN,0
glaco,small,0.00048194731,0.0053763359,0.031552283,3.0059378e-06,0,NaN,0
glaco,small,0.00048194731,0.0053763359,0.031552283,3.6479378e-06,0,NaN,0
glaco,small,0.00048194731,0.0053763359,0.031552283,4.4270543e-06,0,NaN,0
glaco,small,0.00048194731,0.0053763359,0.031552283,5.3725725e-06,0,NaN,0
glaco,small,0.00048194731,0.0053763359,0.031552283,6.5200319e-06,0,NaN,0
glaco,small,0.00048194731,0.0053763359,0.031552283,7.9125624e-06,0,NaN,0
glaco,small,0.00048194731,0.0053763359,0.031552283,9.6025059e-06,0,NaN,0
glaco,small,0.00048194731,0.0053763359,0.031552283,1.1653383e-05,0,NaN,0
glaco,small,0.00048194731,0.0053763359,0.031552283,1.4142281e-05,0,NaN,0
glaco,small,0.00048194731,0.0053763359,0.031552283,1.716275e-05,0,NaN,0
glaco,small,0.00048194731,0.0053763359,0.031552283,2.0828323e-05,0,NaN,0
glaco,small,0.00048194731,0.0053763359,0.031552283,2.527678e-05,0,NaN,0
glaco,small,0.00048194731,0.0053763359,0.031552283,3.0675325e-05,0,NaN,0
glaco,small,0.00048194731,0.0053763359,0.031552283,3.7226878e-05,0,NaN,0
glaco,small,0.00048194731,0.0053763359,0.031552283,4.5177692e-05,0,NaN,0
glaco,small,0.00048194731,0.0053763359,0.031552283,5.482662e-05,0,NaN,0
glaco,small,0.00048194731,0.0053763359,0.031552283,6.653634e-05,0,NaN,0
glaco,small,0.00048194731,0.0053763359,0.031552283,8.074699e-05,0,NaN,0
glaco,small,0.00048194731,0.0053763359,0.031552283,9.7992711e-05,0,NaN,0
glaco,small,0.00048194731,0.0053763359,0.031552283,0.00011892173,0,NaN,0
glaco,small,0.00048194731,0.0053763359,0.031552283,0.0001443207,0,NaN,0
glaco,small,0.00048194731,0.0053763359,0.031552283,0.00017514433,0,NaN,0
glaco,small,0.00048194731,0.0053763359,0.031552283,0.00021255117,0,NaN,0
glaco,small,0.00048194731,0.0053763359,0.031552283,0.00025794727,0,NaN,0
glaco,small,0.00048194731,0.0053763359,0.031552283,0.00031303894,0,NaN,0
glaco,small,0.00048194731,0.0053763359,0.031552283,0.00037989695,0,NaN,0
glaco,small,0.00048194731,0.0053763359,0.031552283,0.0004610343,0,NaN,0
glaco,small,0.00048194731,0.0053763359,0.031552283,0.00055950074,0,NaN,0
glaco,small,0.00048194731,0.0053763359,0.031552283,0.00067899738,0,NaN,0
glaco,small,0.00048194731,0.0053763359,0.031552283,0.00082401579,0,NaN,0
glaco,small,0.00048194731,0.0053763359,0.031552283,0.0010000068,0,NaN,0
glaco,small,0.00048194731,0.0053763359,0.031552283,0.0012135856,0,NaN,0
glaco,small,0.00048194731,0.0053763359,0.031552283,0.001336916,0,7.4824659e-05,0
glaco,small,0.00048194731,0.0053763359,0.031552283,0.0013696593,0.37569215,0.00010756796,0.37569215
glaco,small,0.00048194731,0.0053763359,0.031552283,0.0014032045,0.58451713,0.00014111319,0.58451713
glaco,small,0.00048194731,0.0053763359,0.031552283,0.0014375713,0.68345886,0.00017548001,0.68345886
glaco,small,0.00048194731,0.0053763359,0.031552283,0.0014727798,0.74352144,0.00021068852,0.74352144
glaco,small,0.00048194731,0.0053763359,0.031552283,0.0015088507,0.78419277,0.00024675935,0.78419277
glaco,small,0.00048194731,0.0053763359,0.031552283,0.0015458049,0.81361608,0.00028371361,0.81361608
glaco,small,0.00048194731,0.0053763359,0.031552283,0.0015836643,0.83587883,0.00032157295,0.83587883
glaco,small,0.00048194731,0.0053763359,0.031552283,0.0016224508,0.85328583,0.00036035952,0.85328583
glaco,small,0.00048194731,0.0053763359,0.031552283,0.0017028971,0.8786309,0.00044080578,0.8786309
glaco,small,0.00048194731,0.0053763359,0.031552283,0.0017873321,0.89602918,0.00052524081,0.89602918
glaco,small,0.00048194731,0.0053763359,0.031552283,0.0019689695,0.91810496,0.00070687814,0.91810496
glaco,small,0.00048194731,0.0053763359,0.031552283,0.0021690657,0.93132683,0.00090697433,0.93132683
glaco,small,0.00048194731,0.0053763359,0.031552283,0.0026323288,0.94643121,0.0013702374,0.94643121
glaco,small,0.00048194731,0.0053763359,0.031552283,0.0031945344,0.95376653,0.001932443,0.95376653
glaco,small,0.00048194731,0.0053763359,0.031552283,0.0038768143,0.95486463,0.0026147229,0.95486463
glaco,small,0.00048194731,0.0053763359,0.031552283,0.0047048137,0.95232423,0.0034427223,0.95232423
glaco,small,0.00048194731,0.0053763359,0.031552283,0.0057096549,0.94949539,0.0044475636,0.94949539
glaco,small,0.00048194731,0.0053763359,0.031552283,0.0069291074,0.94573014,0.0056670161,0.94573014
glaco,small,0.00048194731,0.0053763359,0.031552283,0.0084090072,0.94132259,0.0071469159,0.94132259
glaco,small,0.00048194731,0.0053763359,0.031552283,0.01020498,0.93941312,0.0089428887,0.93941312
glaco,small,0.00048194731,0.0053763359,0.031552283,0.012384532,0.9395762,0.01112244,0.9395762
glaco,small,0.00048194731,0.0053763359,0.031552283,0.015029586,0.94312438,0.013767495,0.94312438
glaco,small,0.00048194731,0.0053763359,0.031552283,0.018239564,0.947078,0.016977473,0.947078
glaco,small,0.00048194731,0.0053763359,0.031552283,0.02213512,0.95063574,0.020873029,0.95063574
glaco,small,0.00048194731,0.0053763359,0.031552283,0.026862679,0.95282955,0.025600588,0.95282955
glaco,small,0.00048194731,0.0053763359,0.031552283,0.032599937,0.95428341,0.031337845,0.95428341
glaco,small,0.00048194731,0.0053763359,0.031552283,0.039562542,0.95550043,0.038300451,0.95550043
glaco,small,0.00048194731,0.0053763359,0.031552283,0.048012202,0.95679357,0.04675011,0.95679357
glaco,small,0.00048194731,0.0053763359,0.031552283,0.058266516,0.95816399,0.057004425,0.95816399
glaco,small,0.00048194731,0.0053763359,0.031552283,0.07071092,0.95900157,0.069448828,0.95900157
glaco,small,0.00048194731,0.0053763359,0.031552283,0.085813165,0.95892471,0.084551073,0.95892471
glaco,small,0.00048194731,0.0053763359,0.031552283,0.10414091,0.95736764,0.10287881,0.95736764
glaco,small,0.00048194731,0.0053763359,0.031552283,0.12638304,0.95453337,0.12512094,0.95453337
glaco,small,0.00048194731,0.0053763359,0.031552283,0.15337558,0.9503405,0.15211349,0.9503405
glaco,small,0.00048194731,0.0053763359,0.031552283,0.18613312,0.94481402,0.18487103,0.94481402
glaco,small,0.00048194731,0.0053763359,0.031552283,0.22588692,0.93810087,0.22462483,0.93810087
glaco,small,0.00048194731,0.0053763359,0.031552283,0.27413123,0.93013936,0.27286914,0.93013936
glaco,small,0.00048194731,0.0053763359,0.031552283,0.33267943,0.92114283,0.33141734,0.92114283
glaco,small,0.00048194731,0.0053763359,0.031552283,0.40373219,0.91110143,0.4024701,0.91110143
glaco,small,0.00048194731,0.0053763359,0.031552283,0.48996021,0.89984811,0.48869812,0.89984811
glaco,small,0.00048194731,0.0053763359,0.031552283,0.59460457,0.88722027,0.59334248,0.88722027
glaco,small,0.00048194731,0.0053763359,0.031552283,0.72159859,0.87329321,0.7203365,0.87329321
glaco,small,0.00048194731,0.0053763359,0.031552283,0.87571565,0.85818414,0.87445356,0.85818414
glaco,small,0.00048194731,0.0053763359,0.031552283,1.0627486,0.84180297,1.0614865,0.84180297
glaco,small,0.00048194731,0.0053763359,0.031552283,1.2897275,0.82413629,1.2884655,0.82413629
glaco,small,0.00048194731,0.0053763359,0.031552283,1.565184,0.80543085,1.5639219,0.80543085
glaco,small,0.00048194731,0.0053763359,0.031552283,1.8994718,0.78600175,1.8982097,0.78600175
glaco,small,0.00048194731,0.0053763359,0.031552283,2.3051557,0.76545121,2.3038937,0.76545121
glaco,small,0.00048194731,0.0053763359,0.031552283,2.7974846,0.74527696,2.7962225,0.74527696
glaco,small,0.00048194731,0.0053763359,0.031552283,3.3949637,0.72481647,3.3937016,0.72481647
glaco,small,0.00048194731,0.0053763359,0.031552283,4.1200508,0.70433186,4.1187887,0.70433186
glaco,small,0.00048194731,0.0053763359,0.031552283,5,0.68421022,4.9987379,0.68421022
bsi,large,0.0011,0.0035586873,0.16436791,0.001972415,0,NaN,0
bsi,large,0.0011,0.0035586873,0.16436791,0.002399372,0,NaN,0
bsi,large,0.0011,0.0035586873,0.16436791,0.0029187498,0,NaN,0
bsi,large,0.0011,0.0035586873,0.16436791,0.0035505543,0,NaN,0
bsi,large,0.0011,0.0035586873,0.16436791,0.0043191219,0,NaN,0
bsi,large,0.0011,0.0035586873,0.16436791,0.0052540566,0,NaN,0
bsi,large,0.0011,0.0035586873,0.16436791,0.0063913712,0,NaN,0
bsi,large,0.0011,0.0035586873,0.16436791,0.0077748736,0,0.0012001571,0
bsi,large,0.0011,0.0035586873,0.16436791,0.0079676592,0.2479596,0.0013929427,0.2479596
bsi,large,0.0011,0.0035586873,0.16436791,0.0081652251,0.40902627,0.0015905086,0.40902627
bsi,large,0.0011,0.0035586873,0.16436791,0.0083676898,0.50140928,0.0017929733,0.50140928
bsi,large,0.0011,0.0035586873,0.16436791,0.0085751748,0.56551132,0.0020004583,0.56551132
bsi,large,0.0011,0.0035586873,0.16436791,0.0087878047,0.61363448,0.0022130882,0.61363448
bsi,large,0.0011,0.0035586873,0.16436791,0.0090057069,0.65138985,0.0024309904,0.65138985
bsi,large,0.0011,0.0035586873,0.16436791,0.0092290122,0.68195703,0.0026542957,0.68195703
bsi,large,0.0011,0.0035586873,0.16436791,0.0094578545,0.70725395,0.002883138,0.70725395
bsi,large,0.0011,0.0035586873,0.16436791,0.0096923713,0.7285553,0.0031176548,0.7285553
bsi,large,0.0011,0.0035586873,0.16436791,0.0099327031,0.74674212,0.0033579866,0.74674212
bsi,large,0.0011,0.0035586873,0.16436791,0.010431392,0.77612827,0.0038566757,0.77612827
bsi,large,0.0011,0.0035586873,0.16436791,0.010955119,0.7987687,0.0043804025,0.7987687
bsi,large,0.0011,0.0035586873,0.16436791,0.01150514,0.81665517,0.0049304239,0.81665517
bsi,large,0.0011,0.0035586873,0.16436791,0.012689414,0.84284815,0.0061146976,0.84284815
bsi,large,0.0011,0.0035586873,0.16436791,0.01399559,0.86086064,0.0074208736,0.86086064
bsi,large,0.0011,0.0035586873,0.16436791,0.017025133,0.88359106,0.010450416,0.88359106
bsi,large,0.0011,0.0035586873,0.16436791,0.020710463,0.89645185,0.014135746,0.89645185
bsi,large,0.0011,0.0035586873,0.16436791,0.025193534,0.90516617,0.018618818,0.90516617
bsi,large,0.0011,0.0035586873,0.16436791,0.03064703,0.91151668,0.024072313,0.91151668
bsi,large,0.0011,0.0035586873,0.16436791,0.037281011,0.92152098,0.030706294,0.92152098
bsi,large,0.0011,0.0035586873,0.16436791,0.045351011,0.93203482,0.038776294,0.93203482
bsi,large,0.0011,0.0035586873,0.16436791,0.055167876,0.9403891,0.04859316,0.9403891
bsi,large,0.0011,0.0035586873,0.16436791,0.06710974,0.94408392,0.060535024,0.94408392
bsi,large,0.0011,0.0035586873,0.16436791,0.081636589,0.94573354,0.075061873,0.94573354
bsi,large,0.0011,0.0035586873,0.16436791,0.099307979,0.94566532,0.092733263,0.94566532
bsi,large,0.0011,0.0035586873,0.16436791,0.12080459,0.94601208,0.11422987,0.94601208
bsi,large,0.0011,0.0035586873,0.16436791,0.14695445,0.94693838,0.14037973,0.94693838
bsi,large,0.0011,0.0035586873,0.16436791,0.17876481,0.94554461,0.17219009,0.94554461
bsi,large,0.0011,0.0035586873,0.16436791,0.21746097,0.94203715,0.21088625,0.94203715
bsi,large,0.0011,0.0035586873,0.16436791,0.26453346,0.9360941,0.25795874,0.9360941
bsi,large,0.0011,0.0035586873,0.16436791,0.32179545,0.92799505,0.31522074,0.92799505
bsi,large,0.0011,0.0035586873,0.16436791,0.39145261,0.91865185,0.3848779,0.91865185
bsi,large,0.0011,0.0035586873,0.16436791,0.47618805,0.90824842,0.46961333,0.90824842
bsi,large,0.0011,0.0035586873,0.16436791,0.57926566,0.89726772,0.57269094,0.89726772
bsi,large,0.0011,0.0035586873,0.16436791,0.70465587,0.88536322,0.69808115,0.88536322
bsi,large,0.0011,0.0035586873,0.16436791,0.85718856,0.87196696,0.85061385,0.87196696
bsi,large,0.0011,0.0035586873,0.16436791,1.0427391,0.85652033,1.0361644,0.85652033
bsi,large,0.0011,0.0035586873,0.16436791,1.2684547,0.8389993,1.26188,0.8389993
bsi,large,0.0011,0.0035586873,0.16436791,1.5430296,0.82062993,1.5364548,0.82062993
bsi,large,0.0011,0.0035586873,0.16436791,1.8770401,0.80008922,1.8704653,0.80008922
bsi,large,0.0011,0.0035586873,0.16436791,2.2833518,0.77922765,2.2767771,0.77922765
bsi,large,0.0011,0.0035586873,0.16436791,2.7776155,0.7583269,2.7710408,0.7583269
bsi,large,0.0011,0.0035586873,0.16436791,3.3788695,0.73763869,3.3722948,0.73763869
bsi,large,0.0011,0.0035586873,0.16436791,4.1102734,0.71683049,4.1036987,0.71683049
bsi,large,0.0011,0.0035586873,0.16436791,4.5333616,0.70665243,4.5267868,0.70665243
bsi,large,0.0011,0.0035586873,0.16436791,4.7609671,0.70151355,4.7543924,0.70151355
bsi,large,0.0011,0.0035586873,0.16436791,4.8790199,0.69887833,4.8724452,0.69887833
bsi,large,0.0011,0.0035586873,0.16436791,5,0.57609976,4.9934253,0.57609976
bsi,small,2.7e-05,0.022714558,9.9028271e-05,1.1883393e-06,0,NaN,0
bsi,small,2.7e-05,0.022714558,9.9028271e-05,1.4379402e-06,0,NaN,0
bsi,small,2.7e-05,0.022714558,9.9028271e-05,1.7399677e-06,0,NaN,0
bsi,small,2.7e-05,0.022714558,9.9028271e-05,2.1054336e-06,0,NaN,0
bsi,small,2.7e-05,0.022714558,9.9028271e-05,2.5476627e-06,0,NaN,0
bsi,small,2.7e-05,0.022714558,9.9028271e-05,3.0827783e-06,0,NaN,0
bsi,small,2.7e-05,0.022714558,9.9028271e-05,3.7302906e-06,0,NaN,0
bsi,small,2.7e-05,0.022714558,9.9028271e-05,4.1033905e-06,0,1.4225962e-07,0
bsi,small,2.7e-05,0.022714558,9.9028271e-05,4.2023565e-06,0.5394126,2.4122564e-07,0.5394126
bsi,small,2.7e-05,0.022714558,9.9028271e-05,4.3037094e-06,0.69910511,3.4257854e-07,0.69910511
bsi,small,2.7e-05,0.022714558,9.9028271e-05,4.4075067e-06,0.77342493,4.4637588e-07,0.77342493
bsi,small,2.7e-05,0.022714558,9.9028271e-05,4.5138075e-06,0.81710581,5.5267661e-07,0.81710581
bsi,small,2.7e-05,0.022714558,9.9028271e-05,4.622672e-06,0.84597432,6.6154112e-07,0.84597432
bsi,small,2.7e-05,0.022714558,9.9028271e-05,4.7341621e-06,0.86649824,7.7303123e-07,0.86649824
bsi,small,2.7e-05,0.022714558,9.9028271e-05,4.965274e-06,0.89375821,1.0041431e-06,0.89375821
bsi,small,2.7e-05,0.022714558,9.9028271e-05,5.4618957e-06,0.92297416,1.5007648e-06,0.92297416
bsi,small,2.7e-05,0.022714558,9.9028271e-05,6.609122e-06,0.94778512,2.6479912e-06,0.94778512
bsi,small,2.7e-05,0.022714558,9.9028271e-05,7.9973138e-06,0.95869913,4.036183e-06,0.95869913
bsi,small,2.7e-05,0.022714558,9.9028271e-05,9.6770839e-06,0.96473248,5.7159531e-06,0.96473248
bsi,small,2.7e-05,0.022714558,9.9028271e-05,1.1709676e-05,0.96849226,7.7485451e-06,0.96849226
bsi,small,2.7e-05,0.022714558,9.9028271e-05,1.4169197e-05,0.97101066,1.0208066e-05,0.97101066
bsi,small,2.7e-05,0.022714558,9.9028271e-05,1.7145321e-05,0.97277932,1.318419e-05,0.97277932
bsi,small,2.7e-05,0.022714558,9.9028271e-05,2.0746555e-05,0.97408785,1.6785424e-05,0.97408785
bsi,small,2.7e-05,0.022714558,9.9028271e-05,2.5104198e-05,0.97600913,2.1143067e-05,0.97600913
bsi,small,2.7e-05,0.022714558,9.9028271e-05,3.0377129e-05,0.97739486,2.6415998e-05,0.97739486
bsi,small,2.7e-05,0.022714558,9.9028271e-05,3.6757596e-05,0.97744294,3.2796465e-05,0.97744294
bsi,small,2.7e-05,0.022714558,9.9028271e-05,4.4478227e-05,0.97700206,4.0517096e-05,0.97700206
bsi,small,2.7e-05,0.022714558,9.9028271e-05,5.3820513e-05,0.97634354,4.9859382e-05,0.97634354
bsi,small,2.7e-05,0.022714558,9.9028271e-05,6.512507e-05,0.97531475,6.1163939e-05,0.97531475
bsi,small,2.7e-05,0.022714558,9.9028271e-05,7.8804056e-05,0.97394766,7.4842925e-05,0.97394766
bsi,small,2.7e-05,0.022714558,9.9028271e-05,9.5356201e-05,0.97236073,9.1395071e-05,0.97236073
bsi,small,2.7e-05,0.022714558,9.9028271e-05,0.00011538499,0.97067081,0.00011142386,0.97067081
bsi,small,2.7e-05,0.022714558,9.9028271e-05,0.00013962066,0.96896952,0.00013565953,0.96896952
bsi,small,2.7e-05,0.022714558,9.9028271e-05,0.00016894683,0.96757575,0.0001649857,0.96757575
bsi,small,2.7e-05,0.022714558,9.9028271e-05,0.00020443273,0.96805793,0.0002004716,0.96805793
bsi,small,2.7e-05,0.022714558,9.9028271e-05,0.00024737214,0.96777957,0.00024341101,0.96777957
bsi,small,2.7e-05,0.022714558,9.9028271e-05,0.00029933063,0.96664328,0.0002953695,0.96664328
bsi,small,2.7e-05,0.022714558,9.9028271e-05,0.00036220257,0.96490949,0.00035824144,0.96490949
bsi,small,2.7e-05,0.022714558,9.9028271e-05,0.00043828025,0.9629413,0.00043431912,0.9629413
bsi,small,2.7e-05,0.022714558,9.9028271e-05,0.00053033742,0.96084226,0.00052637628,0.96084226
bsi,small,2.7e-05,0.022714558,9.9028271e-05,0.00064173044,0.95946697,0.00063776931,0.95946697
bsi,small,2.7e-05,0.022714558,9.9028271e-05,0.00077652065,0.95929784,0.00077255951,0.95929784
bsi,small,2.7e-05,0.022714558,9.9028271e-05,0.00093962243,0.9585393,0.0009356613,0.9585393
bsi,small,2.7e-05,0.022714558,9.9028271e-05,0.0011369824,0.9571557,0.0011330213,0.9571557
bsi,small,2.7e-05,0.022714558,9.9028271e-05,0.0013757962,0.95532898,0.0013718351,0.95532898
bsi,small,2.7e-05,0.022714558,9.9028271e-05,0.0016647709,0.9540466,0.0016608098,0.9540466
bsi,small,2.7e-05,0.022714558,9.9028271e-05,0.0020144424,0.95383448,0.0020104813,0.95383448
bsi,small,2.7e-05,0.022714558,9.9028271e-05,0.0024375595,0.95302187,0.0024335984,0.95302187
bsi,small,2.7e-05,0.022714558,9.9028271e-05,0.0029495489,0.95152928,0.0029455877,0.95152928
bsi,small,2.7e-05,0.022714558,9.9028271e-05,0.0035690774,0.95057726,0.0035651162,0.95057726
bsi,small,2.7e-05,0.022714558,9.9028271e-05,0.0043187328,0.95018793,0.0043147716,0.95018793
bsi,small,2.7e-05,0.022714558,9.9028271e-05,0.0052258471,0.94903861,0.005221886,0.94903861
bsi,small,2.7e-05,0.022714558,9.9028271e-05,0.0063234934,0.94797145,0.0063195323,0.94797145
bsi,small,2.7e-05,0.022714558,9.9028271e-05,0.0076516913,0.94740453,0.0076477302,0.94740453
bsi,small,2.7e-05,0.022714558,9.9028271e-05,0.0092588663,0.94613102,0.0092549051,0.94613102
bsi,small,2.7e-05,0.022714558,9.9028271e-05,0.011203615,0.94533837,0.011199654,0.94533837
bsi,small,2.7e-05,0.022714558,9.9028271e-05,0.013556842,0.94426797,0.013552881,0.94426797
bsi,small,2.7e-05,0.022714558,9.9028271e-05,0.016404346,0.94307831,0.016400385,0.94307831
bsi,small,2.7e-05,0.022714558,9.9028271e-05,0.019849944,0.94189612,0.019845983,0.94189612
bsi,small,2.7e-05,0.022714558,9.9028271e-05,0.024019262,0.94035359,0.024015301,0.94035359
bsi,small,2.7e-05,0.022714558,9.9028271e-05,0.029064311,0.93873147,0.02906035,0.93873147
bsi,small,2.7e-05,0.022714558,9.9028271e-05,0.035169031,0.93662751,0.035165069,0.93662751
bsi,small,2.7e-05,0.022714558,9.9028271e-05,0.042555997,0.93413425,0.042552036,0.93413425
bsi,small,2.7e-05,0.022714558,9.9028271e-05,0.051494534,0.9311437,0.051490573,0.9311437
bsi,small,2.7e-05,0.022714558,9.9028271e-05,0.062310539,0.9273828,0.062306578,0.9273828
bsi,small,2.7e-05,0.022714558,9.9028271e-05,0.075398356,0.92288827,0.075394395,0.92288827
bsi,small,2.7e-05,0.022714558,9.9028271e-05,0.091235161,0.91749337,0.0912312,0.91749337
bsi,small,2.7e-05,0.022714558,9.9028271e-05,0.11039836,0.91107877,0.1103944,0.91107877
bsi,small,2.7e-05,0.022714558,9.9028271e-05,0.13358663,0.9034497,0.13358267,0.9034497
bsi,small,2.7e-05,0.022714558,9.9028271e-05,0.1616454,0.89463938,0.16164144,0.89463938
bsi,small,2.7e-05,0.022714558,9.9028271e-05,0.19559769,0.88456157,0.19559373,0.88456157
bsi,small,2.7e-05,0.022714558,9.9028271e-05,0.23668138,0.87314023,0.23667742,0.87314023
bsi,small,2.7e-05,0.022714558,9.9028271e-05,0.28639436,0.86044251,0.2863904,0.86044251
bsi,small,2.7e-05,0.022714558,9.9028271e-05,0.34654914,0.84637564,0.34654518,0.84637564
bsi,small,2.7e-05,0.022714558,9.9028271e-05,0.41933895,0.83109065,0.41933499,0.83109065
bsi,small,2.7e-05,0.022714558,9.9028271e-05,0.50741765,0.81463785,0.50741369,0.81463785
bsi,small,2.7e-05,0.022714558,9.9028271e-05,0.61399656,0.79711782,0.6139926,0.79711782
bsi,small,2.7e-05,0.022714558,9.9028271e-05,0.7429615,0.77871532,0.74295754,0.77871532
bsi,small,2.7e-05,0.022714558,9.9028271e-05,0.89901446,0.75947081,0.8990105,0.75947081
bsi,small,2.7e-05,0.022714558,9.9028271e-05,1.0878451,0.73961447,1.0878411,0.73961447
bsi,small,2.7e-05,0.022714558,9.9028271e-05,1.316338,0.71920984,1.316334,0.71920984
bsi,small,2.7e-05,0.022714558,9.9028271e-05,1.592824,0.69849518,1.59282,0.69849518
bsi,small,2.7e-05,0.022714558,9.9028271e-05,1.9273836,0.67758977,1.9273796,0.67758977
bsi,small,2.7e-05,0.022714558,9.9028271e-05,2.3322147,0.65668481,2.3322107,0.65668481
bsi,small,2.7e-05,0.022714558,9.9028271e-05,2.8220772,0.63586586,2.8220733,0.63586586
bsi,small,2.7e-05,0.022714558,9.9028271e-05,3.4148314,0.61524351,3.4148274,0.61524351
bsi,small,2.7e-05,0.022714558,9.9028271e-05,4.1320887,0.59496978,4.1320847,0.59496978
bsi,small,2.7e-05,0.022714558,9.9028271e-05,5,0.57506441,4.999996,0.57506441
bsi,small,6.25e-05,0.014929531,0.00053062988,1.1883393e-06,0,NaN,0
bsi,small,6.25e-05,0.014929531,0.00053062988,1.4379402e-06,0,NaN,0
bsi,small,6.25e-05,0.014929531,0.00053062988,1.7399677e-06,0,NaN,0
bsi,small,6.25e-05,0.014929531,0.00053062988,2.1054336e-06,0,NaN,0
bsi,small,6.25e-05,0.014929531,0.00053062988,2.5476627e-06,0,NaN,0
bsi,small,6.25e-05,0.014929531,0.00053062988,3.0827783e-06,0,NaN,0
bsi,small,6.25e-05,0.014929531,0.00053062988,3.7302906e-06,0,NaN,0
bsi,small,6.25e-05,0.014929531,0.00053062988,4.5138075e-06,0,NaN,0
bsi,small,6.25e-05,0.014929531,0.00053062988,5.4618957e-06,0,NaN,0
bsi,small,6.25e-05,0.014929531,0.00053062988,6.609122e-06,0,NaN,0
bsi,small,6.25e-05,0.014929531,0.00053062988,7.9973138e-06,0,NaN,0
bsi,small,6.25e-05,0.014929531,0.00053062988,9.6770839e-06,0,NaN,0
bsi,small,6.25e-05,0.014929531,0.00053062988,1.1709676e-05,0,NaN,0
bsi,small,6.25e-05,0.014929531,0.00053062988,1.4169197e-05,0,NaN,0
bsi,small,6.25e-05,0.014929531,0.00053062988,1.7145321e-05,0,NaN,0
bsi,small,6.25e-05,0.014929531,0.00053062988,2.0746555e-05,0,NaN,0
bsi,small,6.25e-05,0.014929531,0.00053062988,2.1759358e-05,0,5.3416274e-07,0
bsi,small,6.25e-05,0.014929531,0.00053062988,2.2284153e-05,0.48784741,1.0589573e-06,0.48784741
bsi,small,6.25e-05,0.014929531,0.00053062988,2.2821604e-05,0.6984416,1.596409e-06,0.6984416
bsi,small,6.25e-05,0.014929531,0.00053062988,2.3372018e-05,0.78345396,2.146823e-06,0.78345396
bsi,small,6.25e-05,0.014929531,0.00053062988,2.3935707e-05,0.83037422,2.7105119e-06,0.83037422
bsi,small,6.25e-05,0.014929531,0.00053062988,2.4512991e-05,0.86016854,3.2877959e-06,0.86016854
bsi,small,6.25e-05,0.014929531,0.00053062988,2.5104198e-05,0.88074804,3.8790029e-06,0.88074804
bsi,small,6.25e-05,0.014929531,0.00053062988,2.6329733e-05,0.90730953,5.1045373e-06,0.90730953
bsi,small,6.25e-05,0.014929531,0.00053062988,2.7615095e-05,0.9237994,6.3898996e-06,0.9237994
bsi,small,6.25e-05,0.014929531,0.00053062988,3.0377129e-05,0.94350012,9.1519337e-06,0.94350012
bsi,small,6.25e-05,0.014929531,0.00053062988,3.6757596e-05,0.96197221,1.55324e-05,0.96197221
bsi,small,6.25e-05,0.014929531,0.00053062988,4.4478227e-05,0.96976934,2.3253031e-05,0.96976934
bsi,small,6.25e-05,0.014929531,0.00053062988,5.3820513e-05,0.97312487,3.2595318e-05,0.97312487
bsi,small,6.25e-05,0.014929531,0.00053062988,6.512507e-05,0.97428232,4.3899875e-05,0.97428232
bsi,small,6.25e-05,0.014929531,0.00053062988,7.8804056e-05,0.97426944,5.7578861e-05,0.97426944
bsi,small,6.25e-05,0.014929531,0.00053062988,9.5356201e-05,0.97361788,7.4131006e-05,0.97361788
bsi,small,6.25e-05,0.014929531,0.00053062988,0.00011538499,0.97261632,9.4159793e-05,0.97261632
bsi,small,6.25e-05,0.014929531,0.00053062988,0.00013962066,0.97143474,0.00011839546,0.97143474
bsi,small,6.25e-05,0.014929531,0.00053062988,0.00016894683,0.97171471,0.00014772164,0.97171471
bsi,small,6.25e-05,0.014929531,0.00053062988,0.00020443273,0.97242837,0.00018320753,0.97242837
bsi,small,6.25e-05,0.014929531,0.00053062988,0.00024737214,0.97166053,0.00022614695,0.97166053
bsi,small,6.25e-05,0.014929531,0.00053062988,0.00029933063,0.97010164,0.00027810543,0.97010164
bsi,small,6.25e-05,0.014929531,0.00053062988,0.00036220257,0.96807899,0.00034097738,0.96807899
bsi,small,6.25e-05,0.014929531,0.00053062988,0.00043828025,0.96589471,0.00041705505,0.96589471
bsi,small,6.25e-05,0.014929531,0.00053062988,0.00053033742,0.96362027,0.00050911222,0.96362027
bsi,small,6.25e-05,0.014929531,0.00053062988,0.00064173044,0.9632096,0.00062050524,0.9632096
bsi,small,6.25e-05,0.014929531,0.00053062988,0.00077652065,0.96288002,0.00075529545,0.96288002
bsi,small,6.25e-05,0.014929531,0.00053062988,0.00093962243,0.96188428,0.00091839724,0.96188428
bsi,small,6.25e-05,0.014929531,0.00053062988,0.0011369824,0.96036694,0.0011157572,0.96036694
bsi,small,6.25e-05,0.014929531,0.00053062988,0.0013757962,0.95857125,0.001354571,0.95857125
bsi,small,6.25e-05,0.014929531,0.00053062988,0.0016647709,0.95799415,0.0016435457,0.95799415
bsi,small,6.25e-05,0.014929531,0.00053062988,0.0020144424,0.95811098,0.0019932172,0.95811098
bsi,small,6.25e-05,0.014929531,0.00053062988,0.0024375595,0.95754774,0.0024163343,0.95754774
bsi,small,6.25e-05,0.014929531,0.00053062988,0.0029495489,0.95638303,0.0029283237,0.95638303
bsi,small,6.25e-05,0.014929531,0.00053062988,0.0035690774,0.95603579,0.0035478522,0.95603579
bsi,small,6.25e-05,0.014929531,0.00053062988,0.0043187328,0.95608034,0.0042975076,0.95608034
bsi,small,6.25e-05,0.014929531,0.00053062988,0.0052258471,0.95526733,0.0052046219,0.95526733
bsi,small,6.25e-05,0.014929531,0.00053062988,0.0063234934,0.95479164,0.0063022682,0.95479164
bsi,small,6.25e-05,0.014929531,0.00053062988,0.0076516913,0.95465751,0.0076304661,0.95465751
bsi,small,6.25e-05,0.014929531,0.00053062988,0.0092588663,0.95386966,0.0092376411,0.95386966
bsi,small,6.25e-05,0.014929531,0.00053062988,0.011203615,0.95362059,0.01118239,0.95362059
bsi,small,6.25e-05,0.014929531,0.00053062988,0.013556842,0.9529978,0.013535617,0.9529978
bsi,small,6.25e-05,0.014929531,0.00053062988,0.016404346,0.95255764,0.016383121,0.95255764
bsi,small,6.25e-05,0.014929531,0.00053062988,0.019849944,0.9520311,0.019828719,0.9520311
bsi,small,6.25e-05,0.014929531,0.00053062988,0.024019262,0.95136362,0.023998037,0.95136362
bsi,small,6.25e-05,0.014929531,0.00053062988,0.029064311,0.95061331,0.029043086,0.95061331
bsi,small,6.25e-05,0.014929531,0.00053062988,0.035169031,0.94954638,0.035147805,0.94954638
bsi,small,6.25e-05,0.014929531,0.00053062988,0.042555997,0.94802274,0.042534772,0.94802274
bsi,small,6.25e-05,0.014929531,0.00053062988,0.051494534,0.94626837,0.051473309,0.94626837
bsi,small,6.25e-05,0.014929531,0.00053062988,0.062310539,0.94360519,0.062289313,0.94360519
bsi,small,6.25e-05,0.014929531,0.00053062988,0.075398356,0.94038779,0.075377131,0.94038779
bsi,small,6.25e-05,0.014929531,0.00053062988,0.091235161,0.93624391,0.091213936,0.93624391
bsi,small,6.25e-05,0.014929531,0.00053062988,0.11039836,0.93127488,0.11037713,0.93127488
bsi,small,6.25e-05,0.014929531,0.00053062988,0.13358663,0.92502276,0.1335654,0.92502276
bsi,small,6.25e-05,0.014929531,0.00053062988,0.1616454,0.9177357,0.16162418,0.9177357
bsi,small,6.25e-05,0.014929531,0.00053062988,0.19559769,0.90915084,0.19557647,0.90915084
bsi,small,6.25e-05,0.014929531,0.00053062988,0.23668138,0.89939783,0.23666015,0.89939783
bsi,small,6.25e-05,0.014929531,0.00053062988,0.28639436,0.88831092,0.28637314,0.88831092
bsi,small,6.25e-05,0.014929531,0.00053062988,0.34654914,0.8759842,0.34652792,0.8759842
bsi,small,6.25e-05,0.014929531,0.00053062988,0.41933895,0.86234395,0.41931772,0.86234395
bsi,small,6.25e-05,0.014929531,0.00053062988,0.50741765,0.84754587,0.50739643,0.84754587
bsi,small,6.25e-05,0.014929531,0.00053062988,0.61399656,0.83161006,0.61397534,0.83161006
bsi,small,6.25e-05,0.014929531,0.00053062988,0.7429615,0.81476223,0.74294027,0.81476223
bsi,small,6.25e-05,0.014929531,0.00053062988,0.89901446,0.7969644,0.89899324,0.7969644
bsi,small,6.25e-05,0.014929531,0.00053062988,1.0878451,0.77841503,1.0878238,0.77841503
bsi,small,6.25e-05,0.014929531,0.00053062988,1.316338,0.75912933,1.3163168,0.75912933
bsi,small,6.25e-05,0.014929531,0.00053062988,1.592824,0.73937929,1.5928028,0.73937929
bsi,small,6.25e-05,0.014929531,0.00053062988,1.9273836,0.71923723,1.9273624,0.71923723
bsi,small,6.25e-05,0.014929531,0.00053062988,2.3322147,0.69904429,2.3321935,0.69904429
bsi,small,6.25e-05,0.014929531,0.00053062988,2.8220772,0.67871479,2.822056,0.67871479
bsi,small,6.25e-05,0.014929531,0.00053062988,3.4148314,0.65840876,3.4148102,0.65840876
bsi,small,6.25e-05,0.014929531,0.00053062988,4.1320887,0.6383297,4.1320675,0.6383297
bsi,small,6.25e-05,0.014929531,0.00053062988,5,0.61854929,4.9999788,0.61854929
bsi,small,0.00033875338,0.0064127507,0.015588307,1.1883393e-06,0,NaN,0
bsi,small,0.00033875338,0.0064127507,0.015588307,1.4379402e-06,0,NaN,0
bsi,small,0.00033875338,0.0064127507,0.015588307,1.7399677e-06,0,NaN,0
bsi,small,0.00033875338,0.0064127507,0.015588307,2.1054336e-06,0,NaN,0
bsi,small,0.00033875338,0.0064127507,0.015588307,2.5476627e-06,0,NaN,0
bsi,small,0.00033875338,0.0064127507,0.015588307,3.0827783e-06,0,NaN,0
bsi,small,0.00033875338,0.0064127507,0.015588307,3.7302906e-06,0,NaN,0
bsi,small,0.00033875338,0.0064127507,0.015588307,4.5138075e-06,0,NaN,0
bsi,small,0.00033875338,0.0064127507,0.015588307,5.4618957e-06,0,NaN,0
bsi,small,0.00033875338,0.0064127507,0.015588307,6.609122e-06,0,NaN,0
bsi,small,0.00033875338,0.0064127507,0.015588307,7.9973138e-06,0,NaN,0
bsi,small,0.00033875338,0.0064127507,0.015588307,9.6770839e-06,0,NaN,0
bsi,small,0.00033875338,0.0064127507,0.015588307,1.1709676e-05,0,NaN,0
bsi,small,0.00033875338,0.0064127507,0.015588307,1.4169197e-05,0,NaN,0
bsi,small,0.00033875338,0.0064127507,0.015588307,1.7145321e-05,0,NaN,0
bsi,small,0.00033875338,0.0064127507,0.015588307,2.0746555e-05,0,NaN,0
bsi,small,0.00033875338,0.0064127507,0.015588307,2.5104198e-05,0,NaN,0
bsi,small,0.00033875338,0.0064127507,0.015588307,3.0377129e-05,0,NaN,0
bsi,small,0.00033875338,0.0064127507,0.015588307,3.6757596e-05,0,NaN,0
bsi,small,0.00033875338,0.0064127507,0.015588307,4.4478227e-05,0,NaN,0
bsi,small,0.00033875338,0.0064127507,0.015588307,5.3820513e-05,0,NaN,0
bsi,small,0.00033875338,0.0064127507,0.015588307,6.512507e-05,0,NaN,0
bsi,small,0.00033875338,0.0064127507,0.015588307,7.8804056e-05,0,NaN,0
bsi,small,0.00033875338,0.0064127507,0.015588307,9.5356201e-05,0,NaN,0
bsi,small,0.00033875338,0.0064127507,0.015588307,0.00011538499,0,NaN,0
bsi,small,0.00033875338,0.0064127507,0.015588307,0.00013962066,0,NaN,0
bsi,small,0.00033875338,0.0064127507,0.015588307,0.00016894683,0,NaN,0
bsi,small,0.00033875338,0.0064127507,0.015588307,0.00020443273,0,NaN,0
bsi,small,0.00033875338,0.0064127507,0.015588307,0.00024737214,0,NaN,0
bsi,small,0.00033875338,0.0064127507,0.015588307,0.00029933063,0,NaN,0
bsi,small,0.00033875338,0.0064127507,0.015588307,0.00036220257,0,NaN,0
bsi,small,0.00033875338,0.0064127507,0.015588307,0.00043828025,0,NaN,0
bsi,small,0.00033875338,0.0064127507,0.015588307,0.00053033742,0,NaN,0
bsi,small,0.00033875338,0.0064127507,0.015588307,0.00064173044,0,1.8198165e-05,0
bsi,small,0.00033875338,0.0064127507,0.015588307,0.00065720776,0,3.3675491e-05,0
bsi,small,0.00033875338,0.0064127507,0.015588307,0.00067305837,0.54072863,4.95261e-05,0.54072863
bsi,small,0.00033875338,0.0064127507,0.015588307,0.00068929127,0.68078687,6.5758996e-05,0.68078687
bsi,small,0.00033875338,0.0064127507,0.015588307,0.00070591567,0.7538045,8.2383399e-05,0.7538045
bsi,small,0.00033875338,0.0064127507,0.015588307,0.00072294102,0.79894868,9.9408751e-05,0.79894868
bsi,small,0.00033875338,0.0064127507,0.015588307,0.00074037699,0.82970376,0.00011684472,0.82970376
bsi,small,0.00033875338,0.0064127507,0.015588307,0.00075823349,0.85201938,0.00013470122,0.85201938
bsi,small,0.00033875338,0.0064127507,0.015588307,0.00077652065,0.86894188,0.00015298838,0.86894188
bsi,small,0.00033875338,0.0064127507,0.015588307,0.00081442876,0.89288621,0.00019089649,0.89288621
bsi,small,0.00033875338,0.0064127507,0.015588307,0.00085418746,0.90906984,0.00023065519,0.90906984
bsi,small,0.00033875338,0.0064127507,0.015588307,0.00093962243,0.92959223,0.00031609016,0.92959223
bsi,small,0.00033875338,0.0064127507,0.015588307,0.0011369824,0.95032046,0.00051345014,0.95032046
bsi,small,0.00033875338,0.0064127507,0.015588307,0.0013757962,0.96007765,0.00075226396,0.96007765
bsi,small,0.00033875338,0.0064127507,0.015588307,0.0016647709,0.96399493,0.0010412387,0.96399493
bsi,small,0.00033875338,0.0064127507,0.015588307,0.0020144424,0.9626413,0.0013909101,0.9626413
bsi,small,0.00033875338,0.0064127507,0.015588307,0.0024375595,0.95985353,0.0018140272,0.95985353
bsi,small,0.00033875338,0.0064127507,0.015588307,0.0029495489,0.95729739,0.0023260166,0.95729739
bsi,small,0.00033875338,0.0064127507,0.015588307,0.0035690774,0.95429074,0.0029455451,0.95429074
bsi,small,0.00033875338,0.0064127507,0.015588307,0.0043187328,0.94943478,0.0036952005,0.94943478
bsi,small,0.00033875338,0.0064127507,0.015588307,0.0052258471,0.94700098,0.0046023149,0.94700098
bsi,small,0.00033875338,0.0064127507,0.015588307,0.0063234934,0.94582984,0.0056999612,0.94582984
bsi,small,0.00033875338,0.0064127507,0.015588307,0.0076516913,0.94627436,0.007028159,0.94627436
bsi,small,0.00033875338,0.0064127507,0.015588307,0.0092588663,0.94810211,0.008635334,0.94810211
bsi,small,0.00033875338,0.0064127507,0.015588307,0.011203615,0.95059984,0.010580083,0.95059984
bsi,small,0.00033875338,0.0064127507,0.015588307,0.013556842,0.95289558,0.01293331,0.95289558
bsi,small,0.00033875338,0.0064127507,0.015588307,0.016404346,0.95432851,0.015780814,0.95432851
bsi,small,0.00033875338,0.0064127507,0.015588307,0.019849944,0.95561522,0.019226412,0.95561522
bsi,small,0.00033875338,0.0064127507,0.015588307,0.024019262,0.9565037,0.02339573,0.9565037
bsi,small,0.00033875338,0.0064127507,0.015588307,0.029064311,0.9573462,0.028440778,0.9573462
bsi,small,0.00033875338,0.0064127507,0.015588307,0.035169031,0.95815835,0.034545498,0.95815835
bsi,small,0.00033875338,0.0064127507,0.015588307,0.042555997,0.95933909,0.041932464,0.95933909
bsi,small,0.00033875338,0.0064127507,0.015588307,0.051494534,0.95992062,0.050871002,0.95992062
bsi,small,0.00033875338,0.0064127507,0.015588307,0.062310539,0.96000373,0.061687006,0.96000373
bsi,small,0.00033875338,0.0064127507,0.015588307,0.075398356,0.95936702,0.074774823,0.95936702
bsi,small,0.00033875338,0.0064127507,0.015588307,0.091235161,0.9575266,0.090611629,0.9575266
bsi,small,0.00033875338,0.0064127507,0.015588307,0.11039836,0.95471996,0.10977483,0.95471996
bsi,small,0.00033875338,0.0064127507,0.015588307,0.13358663,0.95080362,0.13296309,0.95080362
bsi,small,0.00033875338,0.0064127507,0.015588307,0.1616454,0.94573334,0.16102187,0.94573334
bsi,small,0.00033875338,0.0064127507,0.015588307,0.19559769,0.9395269,0.19497416,0.9395269
bsi,small,0.00033875338,0.0064127507,0.015588307,0.23668138,0.93217506,0.23605785,0.93217506
bsi,small,0.00033875338,0.0064127507,0.015588307,0.28639436,0.92366769,0.28577083,0.92366769
bsi,small,0.00033875338,0.0064127507,0.015588307,0.34654914,0.91414305,0.34592561,0.91414305
bsi,small,0.00033875338,0.0064127507,0.015588307,0.41933895,0.90348623,0.41871542,0.90348623
bsi,small,0.00033875338,0.0064127507,0.015588307,0.50741765,0.89156165,0.50679412,0.89156165
bsi,small,0.00033875338,0.0064127507,0.015588307,0.61399656,0.87837841,0.61337303,0.87837841
bsi,small,0.00033875338,0.0064127507,0.015588307,0.7429615,0.86404684,0.74233797,0.86404684
bsi,small,0.00033875338,0.0064127507,0.015588307,0.89901446,0.84858458,0.89839093,0.84858458
bsi,small,0.00033875338,0.0064127507,0.015588307,1.0878451,0.83211252,1.0872215,0.83211252
bsi,small,0.00033875338,0.0064127507,0.015588307,1.316338,0.81446136,1.3157145,0.81446136
bsi,small,0.00033875338,0.0064127507,0.015588307,1.592824,0.7959335,1.5922005,0.7959335
bsi,small,0.00033875338,0.0064127507,0.015588307,1.9273836,0.77668414,1.9267601,0.77668414
bsi,small,0.00033875338,0.0064127507,0.015588307,2.3322147,0.7566304,2.3315912,0.7566304
bsi,small,0.00033875338,0.0064127507,0.015588307,2.8220772,0.7367672,2.8214537,0.7367672
bsi,small,0.00033875338,0.0064127507,0.015588307,3.4148314,0.71658704,3.4142079,0.71658704
bsi,small,0.00033875338,0.0064127507,0.015588307,4.1320887,0.69653053,4.1314652,0.69653053
bsi,small,0.00033875338,0.0064127507,0.015588307,5,0.6767586,4.9993765,0.6767586
