ppm,kind,We,cor,tc,Oh_0,ok,wall_s
0,experiment,0.100171018,0.85354298,1.6420402846143263,0.006766649524509585,true,0.0
0,experiment,0.072376564,0.85720056,1.6420402846143263,0.006766649524509585,true,0.0
0,experiment,0.102790486,0.827545653,1.4778362561528935,0.006766649524509585,true,0.0
0,experiment,0.071381683,0.877847084,1.4778362561528935,0.006766649524509585,true,0.0
0,experiment,0.131258596,0.868488212,1.4778362561528935,0.006766649524509585,true,0.0
0,experiment,0.099482652,0.868762659,1.6420402846143263,0.006766649524509585,true,0.0
0,experiment,0.130741014,0.888960286,1.4778362561528935,0.006766649524509585,true,0.0
0,experiment,0.484396544,0.88887727,1.313632227691461,0.006766649524509585,true,0.0
0,experiment,0.321760289,0.89622532,1.313632227691461,0.006766649524509585,true,0.0
0,experiment,0.433092685,0.887359212,1.313632227691461,0.006766649524509585,true,0.0
0,experiment,0.5891066,0.87489943,1.313632227691461,0.006766649524509585,true,0.0
0,experiment,0.651795733,0.865781022,1.1494281992300284,0.006766649524509585,true,0.0
0,experiment,0.749496623,0.859317425,1.313632227691461,0.006766649524509585,true,0.0
0,experiment,0.798031306,0.849239499,1.1494281992300284,0.006766649524509585,true,0.0
0,experiment,0.74917049,0.859013383,1.313632227691461,0.006766649524509585,true,0.0
0,experiment,1.002358301,0.834217437,1.313632227691461,0.006766649524509585,true,0.0
0,experiment,1.038353907,0.838908424,1.313632227691461,0.006766649524509585,true,0.0
0,experiment,1.205079832,0.82288271,1.313632227691461,0.006766649524509585,true,0.0
0,experiment,1.252501138,0.8176909,1.313632227691461,0.006766649524509585,true,0.0
0,experiment,1.410302035,0.797360654,1.313632227691461,0.006766649524509585,true,0.0
0,experiment,1.428624268,0.797493417,1.313632227691461,0.006766649524509585,true,0.0
0,experiment,1.54012311,0.774607485,1.313632227691461,0.006766649524509585,true,0.0
0,experiment,1.487158295,0.78036267,1.313632227691461,0.006766649524509585,true,0.0
0,experiment,1.623256281,0.758048674,1.1494281992300284,0.006766649524509585,true,0.0
0,experiment,1.656573192,0.756308222,1.313632227691461,0.006766649524509585,true,0.0
0,experiment,1.952726639,0.729714887,1.313632227691461,0.006766649524509585,true,0.0
0,experiment,1.826007038,0.733319936,1.4778362561528935,0.006766649524509585,true,0.0
0,experiment,2.029356016,0.717081324,1.313632227691461,0.006766649524509585,true,0.0
0,experiment,1.912788265,0.719679629,1.313632227691461,0.006766649524509585,true,0.0
0,experiment,2.158263975,0.700171042,1.313632227691461,0.006766649524509585,true,0.0
0,experiment,2.279402535,0.695714248,1.313632227691461,0.006766649524509585,true,0.0
0,experiment,2.28443793,0.688409823,1.313632227691461,0.006766649524509585,true,0.0
0,experiment,0.881008301,0.853292633,1.313632227691461,0.006766649524509585,true,0.0
0,experiment,2.290315377,0.680208968,1.313632227691461,0.006766649524509585,true,0.0
0,experiment,2.372594102,0.671774379,1.313632227691461,0.006766649524509585,true,0.0
0,experiment,2.639213832,0.646536109,1.4778362561528935,0.006766649524509585,true,0.0
0,experiment,2.738566051,0.602901427,1.4778362561528935,0.006766649524509585,true,0.0
0,experiment,0.041608093,0.844761956,1.8062443130757588,0.006766649524509585,true,0.0
0,experiment,0.02998266,0.83450232,1.8062443130757588,0.006766649524509585,true,0.0
0,experiment,0.020483494,0.82481291,2.1346523699986237,0.006766649524509585,true,0.0
0,experiment,0.013824339,0.811478672,2.1346523699986237,0.006766649524509585,true,0.0
0,experiment,0.057062674,0.870817994,2.1346523699986237,0.006766649524509585,true,0.0
0,experiment,0.042931034,0.856052383,2.2988563984600567,0.006766649524509585,true,0.0
0,experiment,0.031147859,0.848516777,2.4630604269214893,0.006766649524509585,true,0.0
0,experiment,0.022775066,0.834533095,2.4630604269214893,0.006766649524509585,true,0.0
0,experiment,0.016020082,0.81979087,2.627264455382922,0.006766649524509585,true,0.0
0,experiment,0.011208599,0.80799278,2.7914684838443544,0.006766649524509585,true,0.0
0,experiment,0.007713328,0.803694925,2.955672512305787,0.006766649524509585,true,0.0
0,experiment,0.035447649,0.845969048,2.4630604269214893,0.006766649524509585,true,0.0
0,experiment,0.025057374,0.834300923,2.4630604269214893,0.006766649524509585,true,0.0
0,experiment,0.017592671,0.827785973,2.627264455382922,0.006766649524509585,true,0.0
0,experiment,0.012121191,0.814417933,2.7914684838443544,0.006766649524509585,true,0.0
0,experiment,0.009220616,0.791165722,2.4630604269214893,0.006766649524509585,true,0.0
0,simulation,0.007713328,0.9499966061178983,4.008761076774958,0.006766649524509585,true,57.6
0,simulation,0.010895780704106635,0.9532423036914461,3.8104617495633164,0.006766649524509585,true,39.9
0,simulation,0.015391285986020886,0.9558012796847383,3.6538613014105343,0.006766649524509585,true,38.7
0,simulation,0.02174159803107987,0.9571882080036622,3.5027857824709367,0.006766649524509585,true,36.3
0,simulation,0.030711994135797532,0.9585626156532954,3.340470335651952,0.006766649524509585,true,34.8
0,simulation,0.04338349841851129,0.9600663471591544,3.180159632586032,0.006766649524509585,true,33.7
0,simulation,0.06128315623879293,0.9601706800113907,3.0543165072973752,0.006766649524509585,true,32.8
0,simulation,0.08656805872035936,0.957578750751624,2.945975780348772,0.006766649524509585,true,31.8
0,simulation,0.12228529420728147,0.9518863316834159,2.8444431433751634,0.006766649524509585,true,30.2
0,simulation,0.17273915345227125,0.9425013076918701,2.747567690550441,0.006766649524509585,true,29.3
0,simulation,0.2440098405032137,0.9294737317608253,2.65122149910077,0.006766649524509585,true,29.0
0,simulation,0.3446861992342415,0.9127336934096175,2.558052758573273,0.006766649524509585,true,27.6
0,simulation,0.48690075653314674,0.8921094019542738,2.4732298000843604,0.006766649524509585,true,26.9
0,simulation,0.6877918153939238,0.8678464068208239,2.3984230706367455,0.006766649524509585,true,26.2
0,simulation,0.9715687950274627,0.8394885517281458,2.3316522299203797,0.006766649524509585,true,25.6
0,simulation,1.3724297125148008,0.8077991289409024,2.26822887441428,0.006766649524509585,true,25.3
0,simulation,1.9386823922645822,0.7730648444006598,2.2070645157149666,0.006766649524509585,true,24.7
0,simulation,2.738566051,0.7372518243278103,2.1436200055776227,0.006766649524509585,true,23.6
300,experiment,0.041723579,0.856361779,2.2988563984600567,0.5030728437706891,true,0.0
300,experiment,0.031633325,0.840594122,2.2988563984600567,0.5030728437706891,true,0.0
300,experiment,0.02259346,0.836096149,2.4630604269214893,0.5030728437706891,true,0.0
300,experiment,0.015643992,0.834171163,2.7914684838443544,0.5030728437706891,true,0.0
300,experiment,0.010990044,0.818342411,2.7914684838443544,0.5030728437706891,true,0.0
300,experiment,0.007507821,0.828312711,2.7914684838443544,0.5030728437706891,true,0.0
300,experiment,0.003596877,0.749751068,3.1198765407672195,0.5030728437706891,true,0.0
300,experiment,0.112713181,0.868694118,1.9704483415371912,0.5030728437706891,true,0.0
300,experiment,0.086712348,0.860446858,1.9704483415371912,0.5030728437706891,true,0.0
300,experiment,0.07166937,0.857674567,1.9704483415371912,0.5030728437706891,true,0.0
300,experiment,0.053132133,0.846451038,2.1346523699986237,0.5030728437706891,true,0.0
300,experiment,0.038150507,0.845253366,2.2988563984600567,0.5030728437706891,true,0.0
300,experiment,0.027440138,0.84487974,2.2988563984600567,0.5030728437706891,true,0.0
300,experiment,0.07051114,0.863663149,2.2988563984600567,0.5030728437706891,true,0.0
300,experiment,0.05398407,0.845890071,2.2988563984600567,0.5030728437706891,true,0.0
300,experiment,0.039698405,0.83605126,2.2988563984600567,0.5030728437706891,true,0.0
300,experiment,0.028546171,0.830674928,2.4630604269214893,0.5030728437706891,true,0.0
300,experiment,0.020434737,0.79516301,2.7914684838443544,0.5030728437706891,true,0.0
300,experiment,0.0624438,0.856572449,2.1346523699986237,0.5030728437706891,true,0.0
300,experiment,0.046542505,0.844803157,2.2988563984600567,0.5030728437706891,true,0.0
300,experiment,0.034319969,0.825822315,2.2988563984600567,0.5030728437706891,true,0.0
300,experiment,0.024005031,0.820777957,2.4630604269214893,0.5030728437706891,true,0.0
300,experiment,0.016738876,0.814036031,2.627264455382922,0.5030728437706891,true,0.0
300,experiment,0.043994314,0.85295865,2.1346523699986237,0.5030728437706891,true,0.0
300,experiment,0.032637252,0.828580482,2.2988563984600567,0.5030728437706891,true,0.0
300,experiment,0.022596632,0.820566281,2.4630604269214893,0.5030728437706891,true,0.0
300,experiment,0.015616295,0.804128983,2.627264455382922,0.5030728437706891,true,0.0
300,experiment,0.010650745,0.798926609,2.627264455382922,0.5030728437706891,true,0.0
300,experiment,0.010613235,0.811986871,2.7914684838443544,0.5030728437706891,true,0.0
300,experiment,0.007305647,0.774477646,2.7914684838443544,0.5030728437706891,true,0.0
300,experiment,0.039769241,0.845422828,2.1346523699986237,0.5030728437706891,true,0.0
300,experiment,0.028811963,0.831076105,2.2988563984600567,0.5030728437706891,true,0.0
300,experiment,0.019747429,0.818689654,2.4630604269214893,0.5030728437706891,true,0.0
300,experiment,0.064348557,0.859814087,2.1346523699986237,0.5030728437706891,true,0.0
300,experiment,0.048165061,0.848971415,2.2988563984600567,0.5030728437706891,true,0.0
300,experiment,0.034639745,0.83823104,2.627264455382922,0.5030728437706891,true,0.0
300,experiment,0.02496478,0.833973696,2.4630604269214893,0.5030728437706891,true,0.0
300,experiment,0.017464761,0.820276762,2.7914684838443544,0.5030728437706891,true,0.0
300,experiment,0.01212428,0.807774705,2.7914684838443544,0.5030728437706891,true,0.0
300,experiment,0.008158839,0.790316664,2.955672512305787,0.5030728437706891,true,0.0
300,experiment,0.085371412,0.855519265,1.9704483415371912,0.5030728437706891,true,0.0
300,experiment,0.064076512,0.840114776,2.1346523699986237,0.5030728437706891,true,0.0
300,experiment,0.047219145,0.83924027,2.1346523699986237,0.5030728437706891,true,0.0
300,experiment,0.034919156,0.836208653,2.1346523699986237,0.5030728437706891,true,0.0
300,experiment,0.061002408,0.850420381,2.1346523699986237,0.5030728437706891,true,0.0
300,experiment,0.044666518,0.84516299,2.2988563984600567,0.5030728437706891,true,0.0
300,experiment,0.033023544,0.825728559,2.2988563984600567,0.5030728437706891,true,0.0
300,experiment,0.023177653,0.81729903,2.2988563984600567,0.5030728437706891,true,0.0
300,experiment,0.015980343,0.804622306,2.627264455382922,0.5030728437706891,true,0.0
300,experiment,0.011183032,0.79517321,2.627264455382922,0.5030728437706891,true,0.0
300,experiment,0.182991727,0.88014823,1.8062443130757588,0.5030728437706891,true,0.0
300,experiment,0.124322625,0.878390881,1.8062443130757588,0.5030728437706891,true,0.0
300,experiment,0.262659269,0.882652638,1.6420402846143263,0.5030728437706891,true,0.0
300,experiment,0.184168893,0.886237855,1.8062443130757588,0.5030728437706891,true,0.0
300,experiment,0.180165624,0.881026542,1.9704483415371912,0.5030728437706891,true,0.0
300,experiment,0.126707723,0.878214766,2.1346523699986237,0.5030728437706891,true,0.0
300,experiment,0.171038145,0.874049201,1.8062443130757588,0.5030728437706891,true,0.0
300,experiment,1.300159647,0.766917315,1.4778362561528935,0.5030728437706891,true,0.0
300,experiment,0.537972696,0.860233086,1.4778362561528935,0.5030728437706891,true,0.0
300,experiment,0.489570556,0.858520706,1.4778362561528935,0.5030728437706891,true,0.0
300,experiment,0.326767821,0.878150887,1.6420402846143263,0.5030728437706891,true,0.0
300,experiment,0.736812305,0.836808012,1.6420402846143263,0.5030728437706891,true,0.0
300,experiment,0.888875924,0.847372167,1.4778362561528935,0.5030728437706891,true,0.0
300,experiment,1.060815031,0.825823736,1.313632227691461,0.5030728437706891,true,0.0
300,experiment,1.096369652,0.822789534,1.313632227691461,0.5030728437706891,true,0.0
300,experiment,1.419529968,0.7866798,1.4778362561528935,0.5030728437706891,true,0.0
300,experiment,1.396382456,0.789699262,1.1494281992300284,0.5030728437706891,true,0.0
300,experiment,1.553685115,0.764598737,1.313632227691461,0.5030728437706891,true,0.0
300,experiment,1.495055674,0.78031813,1.313632227691461,0.5030728437706891,true,0.0
300,experiment,1.783844724,0.738967049,1.4778362561528935,0.5030728437706891,true,0.0
300,experiment,1.806422113,0.731619038,1.4778362561528935,0.5030728437706891,true,0.0
300,experiment,1.822868035,0.734078644,1.313632227691461,0.5030728437706891,true,0.0
300,experiment,2.203319902,0.703342184,1.313632227691461,0.5030728437706891,true,0.0
300,experiment,1.85243524,0.723458117,1.313632227691461,0.5030728437706891,true,0.0
300,experiment,2.37229061,0.673776828,1.313632227691461,0.5030728437706891,true,0.0
300,experiment,2.423224381,0.674838764,1.4778362561528935,0.5030728437706891,true,0.0
300,experiment,2.712651344,0.645459663,1.313632227691461,0.5030728437706891,true,0.0
300,experiment,2.605370077,0.651772299,1.4778362561528935,0.5030728437706891,true,0.0
300,experiment,2.556402343,0.654901878,1.1494281992300284,0.5030728437706891,true,0.0
300,experiment,3.201006595,0.599629603,1.1494281992300284,0.5030728437706891,true,0.0
300,experiment,2.769130263,0.628250127,1.1494281992300284,0.5030728437706891,true,0.0
300,experiment,2.348073644,0.647914765,1.1494281992300284,0.5030728437706891,true,0.0
300,simulation,0.0035968769999999996,0.9063183254919313,4.573351028962244,0.5030728437706891,true,185.0
300,simulation,0.005363118701446573,0.9123244389996727,4.291124453605848,0.5030728437706891,true,189.7
300,simulation,0.007996671058200204,0.9165604126809291,4.037561193125163,0.5030728437706891,true,159.6
300,simulation,0.011923425822331447,0.9200057478930085,3.8083710600466234,0.5030728437706891,true,145.1
300,simulation,0.01777840832840732,0.9230997695214502,3.602180617135313,0.5030728437706891,true,141.0
300,simulation,0.026508472263031182,0.9253683906427691,3.4176108063204604,0.5030728437706891,true,136.9
300,simulation,0.039525422565364426,0.9262355760455552,3.249036827201559,0.5030728437706891,true,128.9
300,simulation,0.05893432912576225,0.9249074758639282,3.095740414895548,0.5030728437706891,true,127.3
300,simulation,0.08787395362465356,0.9202270177470679,2.959101191813511,0.5030728437706891,true,123.9
300,simulation,0.13102434252114495,0.9112802375465567,2.8346726815435077,0.5030728437706891,true,121.6
300,simulation,0.1953636729084408,0.8970025476955293,2.7210659063838074,0.5030728437706891,true,116.7
300,simulation,0.2912967465272096,0.8771266508712217,2.6167222638080463,0.5030728437706891,true,110.7
300,simulation,0.43433762927412306,0.8516437104802668,2.518620315365467,0.5030728437706891,true,105.4
300,simulation,0.6476185486192655,0.8209308054187976,2.428137780415953,0.5030728437706891,true,101.9
300,simulation,0.9656307817875532,0.7857642588901536,2.3441663537440345,0.5030728437706891,true,98.5
300,simulation,1.4398025021420808,0.7473987784782544,2.266395970056612,0.5030728437706891,true,95.5
300,simulation,2.146815619668886,0.7069588386618401,2.19389198352212,0.5030728437706891,true,94.7
300,simulation,3.201006595,0.6656506517440323,2.1282123385124176,0.5030728437706891,true,90.5
1000,experiment,0.584851815,0.849880101,1.9704483415371912,1.7603653528898184,true,0.0
1000,experiment,0.39002794,0.846700836,1.9704483415371912,1.7603653528898184,true,0.0
1000,experiment,0.285901237,0.836489083,2.1346523699986237,1.7603653528898184,true,0.0
1000,experiment,0.202846825,0.844969235,2.2988563984600567,1.7603653528898184,true,0.0
1000,experiment,0.147037904,0.848795866,2.2988563984600567,1.7603653528898184,true,0.0
1000,experiment,0.108550215,0.847965382,2.2988563984600567,1.7603653528898184,true,0.0
1000,experiment,0.079286137,0.852308966,2.627264455382922,1.7603653528898184,true,0.0
1000,experiment,0.058809738,0.850281624,2.7914684838443544,1.7603653528898184,true,0.0
1000,experiment,0.044392194,0.845806422,2.7914684838443544,1.7603653528898184,true,0.0
1000,experiment,0.03291723,0.828438591,2.7914684838443544,1.7603653528898184,true,0.0
1000,experiment,0.023097007,0.830411703,3.2840805692286525,1.7603653528898184,true,0.0
1000,experiment,0.016535281,0.806810385,3.4482845976900847,1.7603653528898184,true,0.0
1000,experiment,0.011175811,0.794179529,3.6124886261515177,1.7603653528898184,true,0.0
1000,experiment,0.007178789,0.821681229,3.9408966830743823,1.7603653528898184,true,0.0
1000,experiment,0.004896386,0.76267934,4.105100711535815,1.7603653528898184,true,0.0
1000,experiment,0.003032814,0.701600697,4.433508768458681,1.7603653528898184,true,0.0
1000,experiment,0.609046878,0.849547992,1.9704483415371912,1.7603653528898184,true,0.0
1000,experiment,0.404283438,0.845570235,1.9704483415371912,1.7603653528898184,true,0.0
1000,experiment,0.294227193,0.833908007,2.1346523699986237,1.7603653528898184,true,0.0
1000,experiment,0.207295229,0.845847328,2.2988563984600567,1.7603653528898184,true,0.0
1000,experiment,0.064665346,0.85207758,2.2988563984600567,1.7603653528898184,true,0.0
1000,experiment,0.046548063,0.832410884,2.4630604269214893,1.7603653528898184,true,0.0
1000,experiment,0.03208923,0.842170319,2.2988563984600567,1.7603653528898184,true,0.0
1000,experiment,0.022187018,0.834506357,2.4630604269214893,1.7603653528898184,true,0.0
1000,experiment,0.026559651,0.818510124,2.627264455382922,1.7603653528898184,true,0.0
1000,experiment,0.018000408,0.797271876,2.955672512305787,1.7603653528898184,true,0.0
1000,experiment,0.011583066,0.842569588,3.2840805692286525,1.7603653528898184,true,0.0
1000,experiment,0.206647983,0.855402024,2.2988563984600567,1.7603653528898184,true,0.0
1000,experiment,0.108749821,0.841774666,2.4630604269214893,1.7603653528898184,true,0.0
1000,experiment,0.101265504,0.85432574,2.2988563984600567,1.7603653528898184,true,0.0
1000,experiment,0.075630635,0.845680972,2.4630604269214893,1.7603653528898184,true,0.0
1000,experiment,0.054292971,0.840120938,2.7914684838443544,1.7603653528898184,true,0.0
1000,experiment,0.039200232,0.837104383,2.7914684838443544,1.7603653528898184,true,0.0
1000,experiment,0.028103155,0.827221161,2.955672512305787,1.7603653528898184,true,0.0
1000,experiment,0.020174529,0.802065159,2.955672512305787,1.7603653528898184,true,0.0
1000,experiment,0.013955009,0.798338532,3.1198765407672195,1.7603653528898184,true,0.0
1000,experiment,0.009435679,0.770728625,3.4482845976900847,1.7603653528898184,true,0.0
1000,experiment,0.525550381,0.845805596,1.9704483415371912,1.7603653528898184,true,0.0
1000,experiment,0.976212743,0.819097464,1.6420402846143263,1.7603653528898184,true,0.0
1000,experiment,0.583405948,0.849765549,1.9704483415371912,1.7603653528898184,true,0.0
1000,experiment,0.391543876,0.845666437,1.9704483415371912,1.7603653528898184,true,0.0
1000,experiment,0.285128223,0.83793792,2.1346523699986237,1.7603653528898184,true,0.0
1000,experiment,0.204484218,0.845192437,2.1346523699986237,1.7603653528898184,true,0.0
1000,experiment,0.654835501,0.84026379,1.8062443130757588,1.7603653528898184,true,0.0
1000,experiment,0.878925712,0.823786615,1.9704483415371912,1.7603653528898184,true,0.0
1000,experiment,0.541221549,0.850750594,2.1346523699986237,1.7603653528898184,true,0.0
1000,experiment,0.363758287,0.852723995,2.1346523699986237,1.7603653528898184,true,0.0
1000,experiment,1.272396307,0.790744466,1.9704483415371912,1.7603653528898184,true,0.0
1000,experiment,1.046643581,0.811643541,1.8062443130757588,1.7603653528898184,true,0.0
1000,experiment,0.576892892,0.848089625,1.9704483415371912,1.7603653528898184,true,0.0
1000,experiment,0.576426792,0.846292689,1.9704483415371912,1.7603653528898184,true,0.0
1000,experiment,1.057617511,0.811220043,1.9704483415371912,1.7603653528898184,true,0.0
1000,experiment,1.179565643,0.794399746,1.8062443130757588,1.7603653528898184,true,0.0
1000,experiment,0.692861722,0.840336899,1.9704483415371912,1.7603653528898184,true,0.0
1000,experiment,1.185577269,0.78648992,1.9704483415371912,1.7603653528898184,true,0.0
1000,experiment,1.240663069,0.795318907,1.8062443130757588,1.7603653528898184,true,0.0
1000,experiment,0.702046024,0.839826534,1.8062443130757588,1.7603653528898184,true,0.0
1000,experiment,1.579743293,0.761535276,1.8062443130757588,1.7603653528898184,true,0.0
1000,experiment,1.397166156,0.781859603,1.6420402846143263,1.7603653528898184,true,0.0
1000,experiment,1.438867282,0.756006761,1.8062443130757588,1.7603653528898184,true,0.0
1000,experiment,1.506208948,0.750425163,1.8062443130757588,1.7603653528898184,true,0.0
1000,experiment,1.974234213,0.688406888,1.6420402846143263,1.7603653528898184,true,0.0
1000,experiment,0.831748929,0.831997922,1.6420402846143263,1.7603653528898184,true,0.0
1000,experiment,1.974234213,0.688406888,1.6420402846143263,1.7603653528898184,true,0.0
1000,experiment,0.831748929,0.831997922,1.6420402846143263,1.7603653528898184,true,0.0
1000,experiment,2.25657306,0.700071556,1.9704483415371912,1.7603653528898184,true,0.0
1000,experiment,1.968081396,0.724998217,1.9704483415371912,1.7603653528898184,true,0.0
1000,experiment,0.884655782,0.814957261,1.9704483415371912,1.7603653528898184,true,0.0
1000,experiment,1.812377807,0.706154028,1.8062443130757588,1.7603653528898184,true,0.0
1000,simulation,0.0030328140000000004,0.8131517316393941,4.7276946888516225,1.7603653528898184,true,199.6
1000,simulation,0.004474697036817665,0.8390367608191233,4.43340004785967,1.7603653528898184,true,196.1
1000,simulation,0.006602090854007134,0.8550483018272866,4.177639053120058,1.7603653528898184,true,196.1
1000,simulation,0.009740906096195389,0.8657542616774941,3.9473663670746584,1.7603653528898184,true,179.1
1000,simulation,0.014372000275837772,0.8729211535094267,3.7393560433796593,1.7603653528898184,true,180.9
1000,simulation,0.021204843768010153,0.8777628128089794,3.548428558118311,1.7603653528898184,true,177.4
1000,simulation,0.03128620864151133,0.8806962043596337,3.3735089208161586,1.7603653528898184,true,165.7
1000,simulation,0.04616053114415522,0.8815596379170662,3.2136554226627574,1.7603653528898184,true,163.7
1000,simulation,0.06810651491607493,0.8797656467154805,3.0669683436681465,1.7603653528898184,true,159.9
1000,simulation,0.10048622186620698,0.8744424719148288,2.933400152111331,1.7603653528898184,true,128.8
1000,simulation,0.14826013043520597,0.8646166558223684,2.8132564081720024,1.7603653528898184,true,129.6
1000,simulation,0.2187470666966773,0.8496008498244,2.70286754892928,1.7603653528898184,true,148.9
1000,simulation,0.32274542756666846,0.829019937107004,2.600766583718596,1.7603653528898184,true,145.8
1000,simulation,0.476187464308402,0.8030555109884487,2.507410989364243,1.7603653528898184,true,141.3
1000,simulation,0.7025800578309529,0.7722974711233126,2.4198178796640173,1.7603653528898184,true,116.5
1000,simulation,1.0366059055726295,0.7376425622757767,2.33959053423141,1.7603653528898184,true,133.3
1000,simulation,1.5294368114937276,0.7001962875218102,2.2646888550946995,1.7603653528898184,true,130.2
1000,simulation,2.25657306,0.6613441458989879,2.1948601103197185,1.7603653528898184,true,104.9
2000,experiment,0.314036663,0.798607757,2.2988563984600567,9.920052682248109,true,0.0
2000,experiment,0.409838593,0.771304061,2.1346523699986237,9.920052682248109,true,0.0
2000,experiment,0.240518766,0.802010674,2.2988563984600567,9.920052682248109,true,0.0
2000,experiment,0.414840424,0.780770914,2.2988563984600567,9.920052682248109,true,0.0
2000,experiment,0.255887286,0.787387552,2.4630604269214893,9.920052682248109,true,0.0
2000,experiment,0.160947873,0.802459419,2.4630604269214893,9.920052682248109,true,0.0
2000,experiment,0.10456441,0.842269184,2.7914684838443544,9.920052682248109,true,0.0
2000,experiment,0.049821168,0.77610322,3.1198765407672195,9.920052682248109,true,0.0
2000,experiment,0.031409018,0.783143086,3.1198765407672195,9.920052682248109,true,0.0
2000,experiment,0.019232596,0.772177599,3.7766926546129502,9.920052682248109,true,0.0
2000,experiment,0.012828353,0.765765012,3.6124886261515177,9.920052682248109,true,0.0
2000,experiment,0.007521296,0.722730199,4.105100711535815,9.920052682248109,true,0.0
2000,experiment,0.577899255,0.758419563,2.2988563984600567,9.920052682248109,true,0.0
2000,experiment,0.170676044,0.806861617,2.627264455382922,9.920052682248109,true,0.0
2000,experiment,0.11620072,0.8062001,3.1198765407672195,9.920052682248109,true,0.0
2000,experiment,0.078917853,0.824824638,3.2840805692286525,9.920052682248109,true,0.0
2000,experiment,0.208154355,0.801820928,2.627264455382922,9.920052682248109,true,0.0
2000,experiment,0.034965221,0.787703293,3.2840805692286525,9.920052682248109,true,0.0
2000,experiment,0.022276317,0.782257754,3.6124886261515177,9.920052682248109,true,0.0
2000,experiment,0.014992005,0.772407432,3.7766926546129502,9.920052682248109,true,0.0
2000,experiment,0.009437963,0.686336231,4.433508768458681,9.920052682248109,true,0.0
2000,experiment,0.005959938,0.666003797,4.433508768458681,9.920052682248109,true,0.0
2000,experiment,0.847914624,0.724861115,2.1346523699986237,9.920052682248109,true,0.0
2000,experiment,0.504271552,0.768034527,2.2988563984600567,9.920052682248109,true,0.0
2000,experiment,0.313729815,0.787991398,2.2988563984600567,9.920052682248109,true,0.0
2000,experiment,0.202272483,0.816675537,2.627264455382922,9.920052682248109,true,0.0
2000,experiment,0.285343341,0.800795052,2.2988563984600567,9.920052682248109,true,0.0
2000,experiment,0.008887067,0.814412959,3.6124886261515177,9.920052682248109,true,0.0
2000,experiment,0.006172317,0.700089119,4.433508768458681,9.920052682248109,true,0.0
2000,experiment,0.483620203,0.816709508,1.8062443130757588,9.920052682248109,true,0.0
2000,experiment,0.31532634,0.812918165,1.9704483415371912,9.920052682248109,true,0.0
2000,experiment,0.146459504,0.839201201,1.9704483415371912,9.920052682248109,true,0.0
2000,experiment,0.103188037,0.833531082,2.2988563984600567,9.920052682248109,true,0.0
2000,experiment,0.071494227,0.840913358,2.2988563984600567,9.920052682248109,true,0.0
2000,experiment,0.05041102,0.845363642,2.2988563984600567,9.920052682248109,true,0.0
2000,experiment,0.556847783,0.802668471,1.8062443130757588,9.920052682248109,true,0.0
2000,experiment,0.350718127,0.823711832,1.8062443130757588,9.920052682248109,true,0.0
2000,experiment,0.704768394,0.798144546,1.6420402846143263,9.920052682248109,true,0.0
2000,experiment,0.432156186,0.806021199,1.8062443130757588,9.920052682248109,true,0.0
2000,experiment,0.092434124,0.804799675,2.955672512305787,9.920052682248109,true,0.0
2000,experiment,0.060917931,0.798190359,2.955672512305787,9.920052682248109,true,0.0
2000,experiment,0.039635196,0.807662499,3.1198765407672195,9.920052682248109,true,0.0
2000,experiment,0.026514159,0.802652486,3.2840805692286525,9.920052682248109,true,0.0
2000,experiment,0.017560728,0.779080663,3.7766926546129502,9.920052682248109,true,0.0
2000,experiment,0.011412859,0.701036245,4.105100711535815,9.920052682248109,true,0.0
2000,experiment,0.007477687,0.76269685,3.7766926546129502,9.920052682248109,true,0.0
2000,experiment,0.004584914,0.58502084,4.2693047399972475,9.920052682248109,true,0.0
2000,experiment,0.002921226,0.490556445,4.5977127969201135,9.920052682248109,true,0.0
2000,experiment,0.465536518,0.809356107,1.9704483415371912,9.920052682248109,true,0.0
2000,experiment,0.309715899,0.807703208,1.9704483415371912,9.920052682248109,true,0.0
2000,experiment,0.20657777,0.820107146,2.1346523699986237,9.920052682248109,true,0.0
2000,experiment,0.143386704,0.836930805,2.2988563984600567,9.920052682248109,true,0.0
2000,experiment,0.655161597,0.774193527,1.9704483415371912,9.920052682248109,true,0.0
2000,experiment,0.728241832,0.781640009,1.8062443130757588,9.920052682248109,true,0.0
2000,experiment,0.446590917,0.794415922,1.9704483415371912,9.920052682248109,true,0.0
2000,experiment,0.279928604,0.855777814,2.1346523699986237,9.920052682248109,true,0.0
2000,experiment,0.157748067,0.831751017,2.2988563984600567,9.920052682248109,true,0.0
2000,experiment,0.111381135,0.825256587,2.4630604269214893,9.920052682248109,true,0.0
2000,experiment,0.076604318,0.812794458,2.627264455382922,9.920052682248109,true,0.0
2000,experiment,0.051637276,0.831023307,2.7914684838443544,9.920052682248109,true,0.0
2000,experiment,0.037439652,0.794451597,2.7914684838443544,9.920052682248109,true,0.0
2000,experiment,0.076132767,0.804048453,2.7914684838443544,9.920052682248109,true,0.0
2000,experiment,0.049457823,0.823911628,3.1198765407672195,9.920052682248109,true,0.0
2000,experiment,0.033228165,0.832602858,3.2840805692286525,9.920052682248109,true,0.0
2000,experiment,0.023092234,0.817546402,3.4482845976900847,9.920052682248109,true,0.0
2000,experiment,0.64780956,0.814371707,1.8062443130757588,9.920052682248109,true,0.0
2000,experiment,0.558796796,0.800899902,1.9704483415371912,9.920052682248109,true,0.0
2000,experiment,0.366701778,0.811589593,1.9704483415371912,9.920052682248109,true,0.0
2000,experiment,0.595364087,0.794483896,1.8062443130757588,9.920052682248109,true,0.0
2000,experiment,0.383086914,0.805819464,1.9704483415371912,9.920052682248109,true,0.0
2000,experiment,0.135648343,0.837245386,2.1346523699986237,9.920052682248109,true,0.0
2000,experiment,0.432717971,0.78639879,1.9704483415371912,9.920052682248109,true,0.0
2000,experiment,0.273312023,0.810064291,1.9704483415371912,9.920052682248109,true,0.0
2000,experiment,0.064788138,0.835004107,2.4630604269214893,9.920052682248109,true,0.0
2000,experiment,0.046330069,0.803223278,2.627264455382922,9.920052682248109,true,0.0
2000,experiment,0.030471941,0.80972725,2.7914684838443544,9.920052682248109,true,0.0
2000,experiment,0.021289087,0.801856976,2.627264455382922,9.920052682248109,true,0.0
2000,experiment,0.013721581,0.784420468,3.1198765407672195,9.920052682248109,true,0.0
2000,experiment,0.008516738,0.821338804,3.4482845976900847,9.920052682248109,true,0.0
2000,experiment,0.661479946,0.776947299,1.8062443130757588,9.920052682248109,true,0.0
2000,experiment,0.4051621,0.804045124,1.9704483415371912,9.920052682248109,true,0.0
2000,experiment,0.682828009,0.80494188,1.8062443130757588,9.920052682248109,true,0.0
2000,experiment,0.558325052,0.782777334,2.1346523699986237,9.920052682248109,true,0.0
2000,experiment,0.349420505,0.80897383,2.1346523699986237,9.920052682248109,true,0.0
2000,experiment,0.381906412,0.789862341,2.1346523699986237,9.920052682248109,true,0.0
2000,experiment,0.241561734,0.807588714,2.2988563984600567,9.920052682248109,true,0.0
2000,experiment,0.983421571,0.773420118,1.6420402846143263,9.920052682248109,true,0.0
2000,experiment,0.263863918,0.80858939,1.6420402846143263,9.920052682248109,true,0.0
2000,experiment,0.912737238,0.783616683,1.4778362561528935,9.920052682248109,true,0.0
2000,experiment,0.510313653,0.825625215,1.6420402846143263,9.920052682248109,true,0.0
2000,experiment,0.71584311,0.803492725,1.313632227691461,9.920052682248109,true,0.0
2000,experiment,0.877342653,0.788426947,1.6420402846143263,9.920052682248109,true,0.0
2000,experiment,0.747527443,0.797957331,1.6420402846143263,9.920052682248109,true,0.0
2000,experiment,0.422951423,0.814994419,1.8062443130757588,9.920052682248109,true,0.0
2000,experiment,0.832519327,0.77682505,1.4778362561528935,9.920052682248109,true,0.0
2000,experiment,0.452652026,0.814379088,1.6420402846143263,9.920052682248109,true,0.0
2000,experiment,1.390626512,0.728277179,1.6420402846143263,9.920052682248109,true,0.0
2000,experiment,1.150010483,0.754595562,1.4778362561528935,9.920052682248109,true,0.0
2000,experiment,0.568691227,0.812071086,1.4778362561528935,9.920052682248109,true,0.0
2000,experiment,1.812276043,0.695186153,1.4778362561528935,9.920052682248109,true,0.0
2000,experiment,0.746285403,0.785969044,1.6420402846143263,9.920052682248109,true,0.0
2000,experiment,1.848385931,0.681989605,1.6420402846143263,9.920052682248109,true,0.0
2000,experiment,0.761795764,0.786114807,1.9704483415371912,9.920052682248109,true,0.0
2000,experiment,0.454099516,0.812906079,1.9704483415371912,9.920052682248109,true,0.0
2000,experiment,2.278468946,0.651036916,1.8062443130757588,9.920052682248109,true,0.0
2000,experiment,3.024321128,0.602109633,1.4778362561528935,9.920052682248109,true,0.0
2000,experiment,1.893205056,0.682738339,1.4778362561528935,9.920052682248109,true,0.0
2000,experiment,2.252051928,0.659404355,1.313632227691461,9.920052682248109,true,0.0
2000,experiment,2.615139461,0.620713486,1.6420402846143263,9.920052682248109,true,0.0
2000,experiment,2.506653702,0.638435545,1.4778362561528935,9.920052682248109,true,0.0
2000,experiment,2.995401005,0.590390989,1.4778362561528935,9.920052682248109,true,0.0
2000,experiment,4.564782973,0.532722626,1.1494281992300284,9.920052682248109,true,0.0
2000,experiment,3.185950017,0.584508463,1.4778362561528935,9.920052682248109,true,0.0
2000,experiment,3.067641097,0.579802966,1.1494281992300284,9.920052682248109,true,0.0
2000,simulation,0.0029212259999999986,0.6656198678150322,4.867851289818417,9.920052682248109,true,226.6
2000,simulation,0.00450234716709842,0.7324832176245601,4.492487939212679,9.920052682248109,true,222.0
2000,simulation,0.0069392542764849935,0.7717298293301752,4.183692263899022,9.920052682248109,true,205.4
2000,simulation,0.010695143694294045,0.7965807192015615,3.9245553739365207,9.920052682248109,true,196.0
2000,simulation,0.016483918024047212,0.8126544939618078,3.697874120740568,9.920052682248109,true,191.3
2000,simulation,0.025405881509424993,0.8224819036600807,3.4950961900308113,9.920052682248109,true,185.9
2000,simulation,0.03915688092656912,0.8272288585246772,3.309424960495074,9.920052682248109,true,175.9
2000,simulation,0.06035064452806753,0.8272562410752822,3.1395667808862644,9.920052682248109,true,150.2
2000,simulation,0.09301558777838781,0.8221043629589522,2.9840819354144204,9.920052682248109,true,142.5
2000,simulation,0.14336051648520814,0.8107645019628359,2.8440534461077602,9.920052682248109,true,135.7
2000,simulation,0.22095476874125566,0.7922767934064183,2.7181615600342046,9.920052682248109,true,133.0
2000,simulation,0.3405471117602949,0.7663335105191984,2.6039155286184807,9.920052682248109,true,133.4
2000,simulation,0.5248691213543604,0.733456272682439,2.4998230283073775,9.920052682248109,true,128.9
2000,simulation,0.8089558978412631,0.6949379276998016,2.4053755386203086,9.920052682248109,true,125.3
2000,simulation,1.2468053806700234,0.6525748909804902,2.3184491609310336,9.920052682248109,true,120.5
2000,simulation,1.921642034400196,0.6082708073861929,2.2378848873674286,9.920052682248109,true,116.0
2000,simulation,2.9617357814010172,0.5638226941713873,2.164766702516335,9.920052682248109,true,97.4
2000,simulation,4.564782973,0.5206986098184448,2.097623065025955,9.920052682248109,true,111.9
3000,experiment,0.479561136,0.818654473,2.7914684838443544,57.06868770368173,true,0.0
3000,experiment,0.911612152,0.766736646,2.1346523699986237,57.06868770368173,true,0.0
3000,experiment,0.509684701,0.780348144,2.2988563984600567,57.06868770368173,true,0.0
3000,experiment,0.316282204,0.785760458,2.4630604269214893,57.06868770368173,true,0.0
3000,experiment,0.200085668,0.792551626,2.627264455382922,57.06868770368173,true,0.0
3000,experiment,0.128685972,0.801739125,2.7914684838443544,57.06868770368173,true,0.0
3000,experiment,0.084147283,0.808093124,2.955672512305787,57.06868770368173,true,0.0
3000,experiment,0.055556226,0.812500247,3.2840805692286525,57.06868770368173,true,0.0
3000,experiment,0.62424854,0.753172693,2.2988563984600567,57.06868770368173,true,0.0
3000,experiment,0.36154209,0.764679389,2.4630604269214893,57.06868770368173,true,0.0
3000,experiment,0.214993905,0.783946353,2.627264455382922,57.06868770368173,true,0.0
3000,experiment,0.133799194,0.792568096,2.7914684838443544,57.06868770368173,true,0.0
3000,experiment,0.084786809,0.788085794,3.1198765407672195,57.06868770368173,true,0.0
3000,experiment,0.053740998,0.797030448,3.2840805692286525,57.06868770368173,true,0.0
3000,experiment,0.035047265,0.790369286,3.4482845976900847,57.06868770368173,true,0.0
3000,experiment,0.022166517,0.786197117,3.9408966830743823,57.06868770368173,true,0.0
3000,experiment,0.014055534,0.793837862,3.9408966830743823,57.06868770368173,true,0.0
3000,experiment,0.661006759,0.758175545,2.2988563984600567,57.06868770368173,true,0.0
3000,experiment,0.382486673,0.785195813,2.4630604269214893,57.06868770368173,true,0.0
3000,experiment,0.28331443,0.749843146,2.7914684838443544,57.06868770368173,true,0.0
3000,experiment,0.1607541,0.787293681,2.955672512305787,57.06868770368173,true,0.0
3000,experiment,0.1011375,0.795035635,3.1198765407672195,57.06868770368173,true,0.0
3000,experiment,0.065289418,0.802221502,3.2840805692286525,57.06868770368173,true,0.0
3000,experiment,0.041671818,0.79784859,3.9408966830743823,57.06868770368173,true,0.0
3000,experiment,0.026724172,0.804116847,4.105100711535815,57.06868770368173,true,0.0
3000,experiment,0.363694597,0.783664574,2.1346523699986237,57.06868770368173,true,0.0
3000,experiment,0.226817759,0.795368891,2.2988563984600567,57.06868770368173,true,0.0
3000,experiment,0.017857883,0.793448203,3.4482845976900847,57.06868770368173,true,0.0
3000,experiment,0.011013488,0.80252809,3.7766926546129502,57.06868770368173,true,0.0
3000,experiment,0.006835725,0.739563072,4.105100711535815,57.06868770368173,true,0.0
3000,experiment,0.465736919,0.784888344,2.1346523699986237,57.06868770368173,true,0.0
3000,experiment,0.764900716,0.760666793,2.2988563984600567,57.06868770368173,true,0.0
3000,experiment,0.415273987,0.781447552,2.4630604269214893,57.06868770368173,true,0.0
3000,experiment,0.259199408,0.791778731,2.4630604269214893,57.06868770368173,true,0.0
3000,experiment,0.165159818,0.806198765,2.7914684838443544,57.06868770368173,true,0.0
3000,experiment,0.600665559,0.772119709,2.1346523699986237,57.06868770368173,true,0.0
3000,experiment,0.368756611,0.777748275,2.2988563984600567,57.06868770368173,true,0.0
3000,experiment,0.231057053,0.80045033,2.4630604269214893,57.06868770368173,true,0.0
3000,experiment,0.150549661,0.819162614,2.627264455382922,57.06868770368173,true,0.0
3000,experiment,0.100786042,0.829103958,2.7914684838443544,57.06868770368173,true,0.0
3000,experiment,0.068045534,0.846619357,2.955672512305787,57.06868770368173,true,0.0
3000,experiment,0.47968416,0.789950814,1.9704483415371912,57.06868770368173,true,0.0
3000,experiment,0.432905312,0.770448151,2.1346523699986237,57.06868770368173,true,0.0
3000,experiment,0.25842064,0.796304592,2.4630604269214893,57.06868770368173,true,0.0
3000,experiment,0.725660605,0.769408685,2.1346523699986237,57.06868770368173,true,0.0
3000,experiment,0.735651256,0.750389374,2.2988563984600567,57.06868770368173,true,0.0
3000,experiment,0.420099413,0.779202676,2.2988563984600567,57.06868770368173,true,0.0
3000,experiment,1.318775945,0.713161272,1.9704483415371912,57.06868770368173,true,0.0
3000,experiment,0.622426286,0.789388617,2.1346523699986237,57.06868770368173,true,0.0
3000,experiment,1.562868778,0.700208129,1.8062443130757588,57.06868770368173,true,0.0
3000,experiment,1.218139956,0.716677166,1.8062443130757588,57.06868770368173,true,0.0
3000,experiment,1.76533981,0.678285584,1.8062443130757588,57.06868770368173,true,0.0
3000,experiment,1.777649499,0.685485743,1.9704483415371912,57.06868770368173,true,0.0
3000,experiment,1.90214351,0.673268856,1.8062443130757588,57.06868770368173,true,0.0
3000,experiment,0.386543911,0.789073837,2.2988563984600567,57.06868770368173,true,0.0
3000,experiment,0.249343081,0.796733809,2.627264455382922,57.06868770368173,true,0.0
3000,experiment,0.159899895,0.819933557,2.955672512305787,57.06868770368173,true,0.0
3000,experiment,0.107311442,0.825124283,2.955672512305787,57.06868770368173,true,0.0
3000,experiment,0.072256655,0.830253163,3.2840805692286525,57.06868770368173,true,0.0
3000,experiment,0.050143449,0.812346353,3.2840805692286525,57.06868770368173,true,0.0
3000,experiment,0.032934986,0.808775938,3.6124886261515177,57.06868770368173,true,0.0
3000,experiment,0.021832223,0.793366118,3.7766926546129502,57.06868770368173,true,0.0
3000,experiment,0.013920655,0.783051846,3.9408966830743823,57.06868770368173,true,0.0
3000,experiment,0.008085058,0.729758455,5.090324882304411,57.06868770368173,true,0.0
3000,experiment,0.004317337,0.728276715,5.582936967688709,57.06868770368173,true,0.0
3000,experiment,0.002438394,0.562123822,6.239753081534439,57.06868770368173,true,0.0
3000,experiment,1.840563761,0.656156539,1.6420402846143263,57.06868770368173,true,0.0
3000,experiment,2.252200365,0.631827819,1.8062443130757588,57.06868770368173,true,0.0
3000,experiment,2.609000819,0.606299828,1.6420402846143263,57.06868770368173,true,0.0
3000,experiment,2.836891158,0.598723287,1.6420402846143263,57.06868770368173,true,0.0
3000,experiment,2.940220158,0.571689074,1.9704483415371912,57.06868770368173,true,0.0
3000,simulation,0.002438393999999999,0.4442128674143847,5.238702906280563,57.06868770368173,true,234.8
3000,simulation,0.003701309557481492,0.5889701010511817,4.747879185999314,57.06868770368173,true,212.9
3000,simulation,0.005618326013065918,0.6652076380160742,4.391900312344187,57.06868770368173,true,219.1
3000,simulation,0.00852822134946517,0.7130172789389096,4.102181908035511,57.06868770368173,true,201.1
3000,simulation,0.012945236573372952,0.7451982205851643,3.852115548994996,57.06868770368173,true,183.6
3000,simulation,0.019649953146572828,0.7676384362903803,3.6302300750801746,57.06868770368173,true,175.8
3000,simulation,0.02982723849610586,0.7829843554520042,3.4393160354299863,57.06868770368173,true,167.5
3000,simulation,0.04527563753803388,0.7925450850229355,3.2646109426806653,57.06868770368173,true,186.8
3000,simulation,0.06872521419450374,0.7969623857796431,3.1033397086674475,57.06868770368173,true,172.5
3000,simulation,0.10432001232699864,0.7962126853069377,2.954588772626931,57.06868770368173,true,166.4
3000,simulation,0.15835039729531294,0.7897492077942713,2.8178070316152293,57.06868770368173,true,144.0
3000,simulation,0.24036469862546156,0.776876986581564,2.695431073702492,57.06868770368173,true,150.2
3000,simulation,0.364856604922576,0.7572168322046353,2.583737693296487,57.06868770368173,true,141.7
3000,simulation,0.5538265099529364,0.7310308247247157,2.4834107530688727,57.06868770368173,true,135.7
3000,simulation,0.8406694547622013,0.699218412600913,2.3926802121652067,57.06868770368173,true,107.4
3000,simulation,1.2760767487100495,0.6631932540419322,2.3085651637218767,57.06868770368173,true,128.4
3000,simulation,1.9369942126171642,0.6245514756484541,2.2316451715132937,57.06868770368173,true,123.0
3000,simulation,2.940220158,0.5849132090774303,2.159977994114484,57.06868770368173,true,124.4
