# Drop rebound on black silicon (BSi), water.
# Thenarianto et al. (2023).
# Converted from data/BSi_summary.xlsx by scripts/import_thenarianto.jl.
#
# The workbook carries impact speed and drop diameter; We, Oh and Bo are
# computed here from sigma = 0.072 N/m, rho = 997.0 kg/m^3, mu = 0.001 Pa s,
# the same water properties its own U_cap column assumes. The radius is
# taken from that U_cap column rather than from the "D (mm)" column, which
# changes meaning partway through BSi_summary; see the script for why.
We,cor,Oh,Bo,R_m,U_impact_m_s
4.154166667e-05,0,0.02154892181,0.000122257125,3e-05,0.01
4.846527778e-05,0,0.01995042494,0.0001664055313,3.5e-05,0.01
0.0001139820683,0,0.01410708076,0.000665622125,7e-05,0.01084396022
0.0001165924787,0,0.01523738874,0.0004890285,6e-05,0.01184617957
0.00014331875,0,0.01740232426,0.000287440085,4.6e-05,0.015
0.000145038575,0,0.01591493349,0.0004109197813,5.5e-05,0.0138
0.000145038575,0,0.01591493349,0.0004109197813,5.5e-05,0.0138
0.0002324750859,0,0.01498960981,0.000522173765,6.2e-05,0.0164554981
0.0003325737767,0,0.01492953097,0.0005306298828,6.25e-05,0.01960300549
0.0003529457716,0.56828249,0.01410708076,0.000665622125,7e-05,0.01908198898
0.00041898925,0,0.01669172306,0.000339603125,5e-05,0.0246
0.00041898925,0,0.01669172306,0.000339603125,5e-05,0.0246
0.0004343519141,0.518100961,0.01523738874,0.0004890285,6e-05,0.02286461609
0.0005970922222,0.267857143,0.01591493349,0.0004109197813,5.5e-05,0.028
0.0005970922222,0.51754917,0.01591493349,0.0004109197813,5.5e-05,0.028
0.0006998386111,0.265684466,0.01995042494,0.0001664055313,3.5e-05,0.038
0.000893159755,0.510180242,0.01498960981,0.000522173765,6.2e-05,0.03225428338
0.0009519965278,0,0.02250711478,0.0001027299453,2.75e-05,0.05
0.0009613006563,0.605932675,0.01410708076,0.000665622125,7e-05,0.03149192935
0.001019155556,0.368513866,0.01740232426,0.000287440085,4.6e-05,0.04
0.001140721679,0.539950756,0.01492953097,0.0005306298828,6.25e-05,0.03630517279
0.001232984361,0.340659341,0.01669172306,0.000339603125,5e-05,0.0422
0.001232984361,0.583660296,0.01669172306,0.000339603125,5e-05,0.0422
0.001303798127,0.577185874,0.01523738874,0.0004890285,6e-05,0.0396139565
0.001574636875,0,0.01995042494,0.0001664055313,3.5e-05,0.057
0.001682368264,0.294117647,0.01591493349,0.0004109197813,5.5e-05,0.047
0.001682368264,0.542326145,0.01591493349,0.0004109197813,5.5e-05,0.047
0.002325344073,0.642963039,0.01410708076,0.000665622125,7e-05,0.04897937743
0.002672890779,0.578061395,0.01498960981,0.000522173765,6.2e-05,0.05579733167
0.002887334156,0,0.01866191371,0.000217346,4e-05,0.0722
0.003279845905,0.589743452,0.01492953097,0.0005306298828,6.25e-05,0.06156095953
0.003517439739,0.632453042,0.01492953097,0.0005306298828,6.25e-05,0.06375173276
0.00389453125,0.318021201,0.01669172306,0.000339603125,5e-05,0.075
0.00389453125,0.563933685,0.01669172306,0.000339603125,5e-05,0.075
0.003922800157,0.576510318,0.01523738874,0.0004890285,6e-05,0.06871335214
0.004076622222,0.500773396,0.01740232426,0.000287440085,4.6e-05,0.08
0.004251468965,0.352003843,0.01995042494,0.0001664055313,3.5e-05,0.09366
0.005026541667,0.660578259,0.02154892181,0.000122257125,3e-05,0.11
0.00527576435,0.663897322,0.01410708076,0.000665622125,7e-05,0.07377553091
0.006162326273,0.40155946,0.02250711478,0.0001027299453,2.75e-05,0.127211
0.007082675892,0.614316135,0.01498960981,0.000522173765,6.2e-05,0.09082836753
0.008123758789,0.635401462,0.01492953097,0.0005306298828,6.25e-05,0.09688513981
0.008669346875,0.636971708,0.01492953097,0.0005306298828,6.25e-05,0.1000856584
0.009733801672,0.634829128,0.01523738874,0.0004890285,6e-05,0.1082391294
0.01210694594,0.660123802,0.01410708076,0.000665622125,7e-05,0.1117601435
0.01427553967,0.7561359571,0.01624512481,0.0003785159198,5.278691e-05,0.13975
0.01588807607,0.5535895654,0.02061275278,0.0001460267372,3.27869e-05,0.18707
0.01822015089,0.623480248,0.01498960981,0.000522173765,6.2e-05,0.145679623
0.01935666723,0.647833225,0.01492953097,0.0005306298828,6.25e-05,0.1495525947
0.02233897417,0.62296203,0.01492953097,0.0005306298828,6.25e-05,0.1606609288
0.02529919466,0.620280172,0.01523738874,0.0004890285,6e-05,0.1745003861
0.02851760503,0.651569545,0.01410708076,0.000665622125,7e-05,0.1715245047
0.03566438628,0.78,0.01492953097,0.0005306298828,6.25e-05,0.203
0.04936832635,0.5442256926,0.01965348864,0.000176692352,3.606559e-05,0.31441
0.07843620556,0.883641283,0.01686118652,0.0003261548413,4.9e-05,0.34
0.07911195,0.8,0.02271455801,9.902827125e-05,2.7e-05,0.46
0.09522734722,0.821436109,0.02070353439,0.0001434823203,3.25e-05,0.46
0.1036975561,0.909,0.003558687313,0.1643679125,0.0011,0.08251
0.1072495937,0.7793719212,0.01377481251,0.0007322064903,7.341773e-05,0.3248
0.1079507641,0.8135702449,0.01377481251,0.0007322064903,7.341773e-05,0.32586
0.1087283076,0,0.003558687313,0.1643679125,0.0011,0.08448772976
0.1155944777,0,0.003558687313,0.1643679125,0.0011,0.0871145846
0.1188694181,0.885,0.003558687313,0.1643679125,0.0011,0.08834
0.1241020884,0,0.003558687313,0.1643679125,0.0011,0.09026343807
0.1336102853,0.7846642829,0.01530209014,0.0004808098273,5.949368e-05,0.40272
0.1373525602,0.955,0.003558687313,0.1643679125,0.0011,0.09496
0.1385004835,0.913572249,0.003558687313,0.1643679125,0.0011,0.09535598822
0.1418730738,0.855,0.003558687313,0.1643679125,0.0011,0.09651
0.1435273207,0.929870042,0.003558687313,0.1643679125,0.0011,0.09707102497
0.1453338066,0.909,0.003558687313,0.1643679125,0.0011,0.09768
0.1523803783,0.918,0.003558687313,0.1643679125,0.0011,0.10002
0.1608338422,0.944666621,0.003558687313,0.1643679125,0.0011,0.1027569121
0.1648437722,0.896,0.003558687313,0.1643679125,0.0011,0.10403
0.1677013387,0.7946325249,0.01377481251,0.0007322064903,7.341773e-05,0.40615
0.1690856966,0.901,0.003558687313,0.1643679125,0.0011,0.10536
0.1800752901,0.92,0.003558687313,0.1643679125,0.0011,0.10873
0.1852124157,0.907,0.003558687313,0.1643679125,0.0011,0.11027
0.1862081912,0.929371452,0.003558687313,0.1643679125,0.0011,0.1105660303
0.1953927573,0.862,0.003558687313,0.1643679125,0.0011,0.11326
0.1975031326,0.912,0.003558687313,0.1643679125,0.0011,0.11387
0.1996248434,0.924,0.003558687313,0.1643679125,0.0011,0.11448
0.205880865,0.906,0.003558687313,0.1643679125,0.0011,0.11626
0.2179894886,0.909,0.003558687313,0.1643679125,0.0011,0.11963
0.2196691334,0.916,0.003558687313,0.1643679125,0.0011,0.12009
0.236630231,0.835,0.003558687313,0.1643679125,0.0011,0.12464
0.2559171445,0.851,0.003558687313,0.1643679125,0.0011,0.12962
0.2611560073,0.874,0.003558687313,0.1643679125,0.0011,0.13094
0.262788827,0.943550307,0.003240878149,0.2389601867,0.001326315789,0.1196185813
0.2639557301,0.865,0.003558687313,0.1643679125,0.0011,0.13164
0.2703427093,0.925785919,0.003240878149,0.2389601867,0.001326315789,0.121325623
0.2725044002,0.933601773,0.003240878149,0.2389601867,0.001326315789,0.1218097239
0.2851600603,0.930328824,0.003240878149,0.2389601867,0.001326315789,0.1246061702
0.2877698725,0.936245531,0.003240878149,0.2389601867,0.001326315789,0.1251750753
0.3005818003,0.915435528,0.003240878149,0.2389601867,0.001326315789,0.1279312195
0.3031074156,0.944406679,0.003240878149,0.2389601867,0.001326315789,0.1284675613
0.3092602624,0.795,0.003558687313,0.1643679125,0.0011,0.14249
0.3112188599,0.918904746,0.003240878149,0.2389601867,0.001326315789,0.1301751698
0.3135725827,0.837,0.003558687313,0.1643679125,0.0011,0.14348
0.3159812177,0.807,0.003558687313,0.1643679125,0.0011,0.14403
0.3202958061,0.825,0.003558687313,0.1643679125,0.0011,0.14501
0.3293504271,0.834795828,0.01257643866,0.001053769566,8.807588e-05,0.51966
0.3411439753,0.918446385,0.003240878149,0.2389601867,0.001326315789,0.136290019
0.3427882365,0.891607688,0.003240878149,0.2389601867,0.001326315789,0.1366180726
0.3480535467,0.905151587,0.003240878149,0.2389601867,0.001326315789,0.1376633174
0.3490999005,0.865,0.003558687313,0.1643679125,0.0011,0.15139
0.3574040565,0.859,0.003558687313,0.1643679125,0.0011,0.15318
0.3673540347,0.8753088453,0.01112949135,0.001718205458,0.00011246612,0.48568
0.3698296675,0.832,0.003558687313,0.1643679125,0.0011,0.15582
0.3746325372,0.899488331,0.003240878149,0.2389601867,0.001326315789,0.1428229325
0.3791650671,0.8140380495,0.01389511855,0.0007071757075,7.215191e-05,0.61604
0.4092647865,0.7527926178,0.01564550929,0.0004399644034,5.691057e-05,0.72065
0.409328727,0.875,0.003558687313,0.1643679125,0.0011,0.16393
0.4141871857,0.879,0.003558687313,0.1643679125,0.0011,0.1649
0.4156061529,0.850433494,0.003240878149,0.2389601867,0.001326315789,0.1504305985
0.4249051527,0.855828914,0.003240878149,0.2389601867,0.001326315789,0.1521041971
0.4269413435,0.893891375,0.003240878149,0.2389601867,0.001326315789,0.1524682113
0.4593618671,0.829,0.003558687313,0.1643679125,0.0011,0.17366
0.4620421682,0.861335106,0.003240878149,0.2389601867,0.001326315789,0.158611987
0.4715870061,0.85909683,0.003240878149,0.2389601867,0.001326315789,0.1602419105
0.4798473778,0.853,0.003558687313,0.1643679125,0.0011,0.17749
0.485450723,0.878476545,0.003240878149,0.2389601867,0.001326315789,0.1625802456
0.503110067,0.921197186,0.003240878149,0.2389601867,0.001326315789,0.1655109391
0.5077082005,0.839,0.003558687313,0.1643679125,0.0011,0.18257
0.527455296,0.887663077,0.003240878149,0.2389601867,0.001326315789,0.1694681263
0.5506921246,0.87839846,0.003240878149,0.2389601867,0.001326315789,0.1731608193
0.5763200326,0.895383215,0.003240878149,0.2389601867,0.001326315789,0.1771442488
0.5909412238,0.893323526,0.003240878149,0.2389601867,0.001326315789,0.1793772422
0.6213684739,0.7760416667,0.01661022888,0.0003463170648,5.049183e-05,0.94272
0.6762344592,0.847274093,0.003240878149,0.2389601867,0.001326315789,0.1918862466
0.6791059234,0.781,0.003558687313,0.1643679125,0.0011,0.21115
0.6842381025,0.7979868719,0.01414550059,0.0006584200929,6.962027e-05,0.84247
0.6935511608,0.891076892,0.003240878149,0.2389601867,0.001326315789,0.1943275837
0.7191521437,0.856411398,0.003240878149,0.2389601867,0.001326315789,0.19788168
0.7385671315,0.708,0.003558687313,0.1643679125,0.0011,0.2202
0.763936887,0.732,0.003558687313,0.1643679125,0.0011,0.22395
0.7850437698,0.867611317,0.003240878149,0.2389601867,0.001326315789,0.2067483893
0.8464361146,0.770964554,0.003240878149,0.2389601867,0.001326315789,0.2146803485
0.9470975696,0.780071653,0.003240878149,0.2389601867,0.001326315789,0.2270871502
1.014178192,0.826955458,0.003240878149,0.2389601867,0.001326315789,0.2349915971
1.17064025,0.818908181,0.003240878149,0.2389601867,0.001326315789,0.2524683404
1.23578997,0.7218600954,0.01414550059,0.0006584200929,6.962027e-05,1.1322
1.239240203,0.761785396,0.003240878149,0.2389601867,0.001326315789,0.2597604011
1.610465815,0.6991680659,0.01433934597,0.0006235323441,6.775068e-05,1.3102
1.649033358,0.757848928,0.003240878149,0.2389601867,0.001326315789,0.2996469901
1.89908596,0.596727891,0.003240878149,0.2389601867,0.001326315789,0.3215640654
1.948170345,0.6860166157,0.0113786361,0.00157259006,0.00010759496,1.1435
2.105753113,0.602324384,0.0130119681,0.0009196115144,8.22785e-05,1.3595
2.804416599,0.5733805844,0.01427587734,0.0006346950753,6.835444e-05,1.7213
2.939214941,0.5469175669,0.01379804251,0.0007272880386,7.317073e-05,1.7032
3.179079199,0.5774067203,0.01511499806,0.0005050611656,6.097561e-05,1.9404
3.438742308,0.627863102,0.003240878149,0.2389601867,0.001326315789,0.4327080902
5.045653304,0.492838757,0.003240878149,0.2389601867,0.001326315789,0.5241479628
5.165510058,0.5190719766,0.01170802754,0.001402947498,0.00010162601,1.9159
5.537804647,0.5518001102,0.01178687016,0.001365785072,0.000100271,1.9971
5.851503778,0.489795918,0.01125355739,0.001643679125,0.00011,1.96
5.991727393,0.4488112506,0.008997306323,0.004022780467,0.00017208671,1.5857
8.101390049,0.4519316909,0.01045804324,0.002203812426,0.00012737127,2.1432
8.379785,0.451219512,0.01180283056,0.0013584125,0.0001,2.46
8.713946167,0.414847162,0.0107744609,0.001956114,0.00012,2.29
9.833256583,0.4332844325,0.01298223461,0.0009280653253,8.265582e-05,2.9311
10.28492728,0.4288879664,0.008345860903,0.00543365163,0.00020000003,1.9271
10.44870434,0.4302824859,0.01140777138,0.001556586016,0.00010704607,2.655
10.48824843,0.3253059587,0.00641275066,0.01558830676,0.00033875338,1.4953
13.29745156,0.4061569401,0.009848303646,0.002802403314,0.00014363143,2.5857
13.8159391,0.2790518068,0.006628365256,0.01365685288,0.00031707316,1.7739
14.21763542,0.362162162,0.006814367403,0.0122257125,0.0003,1.85
28.73428433,0.3286410508,0.012387309,0.001119614401,9.07859e-05,4.7809
29.88727785,0.3257270358,0.0135494085,0.0007821589394,7.588076e-05,5.3333
37.98674884,0.3197970358,0.01403392414,0.0006796101583,7.07317e-05,6.2277
