# Drop rebound on a Glaco coating, water.
# Thenarianto et al. (2023).
# Converted from data/Glaco_summary.xlsx by scripts/import_thenarianto.jl.
#
# The workbook carries impact speed and drop diameter; We, Oh and Bo are
# computed here from sigma = 0.072 N/m, rho = 997.0 kg/m^3, mu = 0.001 Pa s,
# the same water properties its own U_cap column assumes. The radius is
# taken from that U_cap column rather than from the "D (mm)" column, which
# changes meaning partway through BSi_summary; see the script for why.
We,cor,Oh,Bo,R_m,U_impact_m_s
5.629886297e-05,0,0.01867707479,0.0002166411379,3.99350865e-05,0.01009
0.0006286487248,0,0.01802911662,0.0002495046062,4.2857166e-05,0.032547
0.0009008675082,0,0.01875346396,0.0002131328374,3.9610411e-05,0.040527
0.0024272309,0,0.01838059446,0.0002309607319,4.12337885e-05,0.0652
0.002572266251,0,0.02092417655,0.000137525381,3.1818199e-05,0.076408
0.002941602304,0,0.01974990773,0.0001732670876,3.5714305e-05,0.077124
0.00301141455,0,0.01948597728,0.000182846896,3.66883315e-05,0.076991
0.004004991195,0.2866090292,0.01464692358,0.0005727837608,6.49351e-05,0.066739
0.005470578611,0.3252768987,0.01898838081,0.0002027797709,3.86363845e-05,0.10112
0.006344206783,0.184791336,0.01867707479,0.0002166411379,3.99350865e-05,0.10711
0.006884978606,0.3193511111,0.01883079816,0.000209653176,3.92857355e-05,0.1125
0.007082243631,0.2419023083,0.01588681919,0.0004138362672,5.5194835e-05,0.096262
0.007931020776,0.2959157152,0.01680117362,0.0003308399002,4.9350676e-05,0.10773
0.0086328212,0.2199817594,0.01802911662,0.0002495046062,4.2857166e-05,0.12061
0.01114815736,0.5131818182,0.01302270351,0.0009165828936,8.21429015e-05,0.099
0.01229223592,0.4659847485,0.01708451861,0.0003094321072,4.77272985e-05,0.13638
0.01260391842,0.3907833537,0.02021467503,0.0001578735241,3.40909275e-05,0.1634
0.01350811299,0.2875899685,0.0212519904,0.000129234336,3.08441725e-05,0.17784
0.0145280713,0.3435014074,0.01883079816,0.000209653176,3.92857355e-05,0.16342
0.01519341387,0.4465357803,0.01584029839,0.0004187192487,5.55195105e-05,0.14058
0.0152353724,0.4558165548,0.02011909684,0.0001608949584,3.4415603e-05,0.1788
0.01670925323,0.2926966863,0.02114101319,0.0001319693785,3.1168848e-05,0.19676
0.01722595817,0.2600667577,0.02092417655,0.000137525381,3.1818199e-05,0.19773
0.02020795938,0.4523876269,0.02021467503,0.0001578735241,3.40909275e-05,0.2069
0.02242043742,0.6086953796,0.01479562713,0.0005501015239,6.3636398e-05,0.15951
0.02252538038,0.3110640795,0.02208106812,0.0001108909361,2.8571444e-05,0.23861
0.02551614984,0.5660825379,0.01830865448,0.0002346122284,4.1558464e-05,0.21057
0.02864061613,0.4889058228,0.01830865448,0.0002346122284,4.1558464e-05,0.22309
0.03870782658,0.7386381673,0.01334298176,0.0008316963403,7.82467955e-05,0.18901
0.04570284121,0.5606178425,0.01838059446,0.0002309607319,4.12337885e-05,0.28292
0.04616727574,0.7163880628,0.01260606469,0.001043898404,8.7662385e-05,0.19502
0.04997280833,0.6243185079,0.01732181496,0.0002928213781,4.64285965e-05,0.2788
0.05029814899,0.5357222532,0.02220760823,0.0001083850071,2.82467685e-05,0.3586
0.05302523769,0.6205238017,0.01830865448,0.0002346122284,4.1558464e-05,0.30355
0.06349392916,0.5436509172,0.01769706027,0.0002687644602,4.44805435e-05,0.32107
0.06670460743,0.7233161325,0.01584029839,0.0004187192487,5.55195105e-05,0.29456
0.06941980011,0.7443968774,0.01255963336,0.001059420844,8.8311736e-05,0.23826
0.07021654531,0.5833217357,0.01883079816,0.000209653176,3.92857355e-05,0.35927
0.07022418653,0.6385756498,0.01738270026,0.0002887402938,4.6103921e-05,0.33166
0.09931926278,0.6802957649,0.02407939404,7.841409685e-05,2.4025987e-05,0.54638
0.1219484693,0.9720724938,0.003083543828,0.2915921694,0.001465116279,0.07753018118
0.1244806546,0.7044662086,0.0153541479,0.0004743222323,5.9090941e-05,0.39004
0.1346541808,0.6395804223,0.01923235288,0.0001926844571,3.7662358e-05,0.50813
0.1349373196,0.6742107304,0.0185270557,0.0002237436566,4.05844375e-05,0.49001
0.1355311018,0.9485684864,0.003083543828,0.2915921694,0.001465116279,0.08173387825
0.1432106658,0.9739421351,0.003083543828,0.2915921694,0.001465116279,0.08401760629
0.1474804852,0.9586326259,0.003083543828,0.2915921694,0.001465116279,0.08526089771
0.1522716299,0.9659285165,0.003083543828,0.2915921694,0.001465116279,0.08663474877
0.152426857,0.9692971476,0.003083543828,0.2915921694,0.001465116279,0.08667889564
0.1594965318,0.9615938052,0.003083543828,0.2915921694,0.001465116279,0.08866623021
0.1616544791,0.9705448892,0.003083543828,0.2915921694,0.001465116279,0.08926403069
0.1637929371,0.9646797495,0.003083543828,0.2915921694,0.001465116279,0.08985250876
0.1720372767,0.9693544128,0.003083543828,0.2915921694,0.001465116279,0.09208606213
0.1738957888,0.9577035329,0.003083543828,0.2915921694,0.001465116279,0.0925821271
0.1806587335,0.9521779162,0.003083543828,0.2915921694,0.001465116279,0.09436525173
0.1809513771,0.9665608468,0.003083543828,0.2915921694,0.001465116279,0.09444165052
0.1819271609,0.6328187321,0.02081823067,0.000140346341,3.21428745e-05,0.63933
0.1848699478,0.9646685506,0.003083543828,0.2915921694,0.001465116279,0.09545875843
0.1880182673,0.8829561528,0.009058303876,0.003915514323,0.00016977689,0.2828
0.1894783181,0.957998374,0.003083543828,0.2915921694,0.001465116279,0.09664121528
0.1900749143,0.974915733,0.003083543828,0.2915921694,0.001465116279,0.09679323919
0.1949839864,0.9633441707,0.003083543828,0.2915921694,0.001465116279,0.09803521254
0.2018524049,0.9570093819,0.003083543828,0.2915921694,0.001465116279,0.09974694107
0.2104405301,0.9503809186,0.003083543828,0.2915921694,0.001465116279,0.101846783
0.2123604707,0.9445890807,0.003083543828,0.2915921694,0.001465116279,0.1023103244
0.215282939,0.9516881589,0.003083543828,0.2915921694,0.001465116279,0.1030119074
0.2162183303,0.9662081788,0.003083543828,0.2915921694,0.001465116279,0.1032354551
0.2288667534,0.961390774,0.003301713288,0.2218293106,0.001277890466,0.1137269019
0.2372484722,0.9525835876,0.003083543828,0.2915921694,0.001465116279,0.1081394943
0.2378338816,0.9534751807,0.003083543828,0.2915921694,0.001465116279,0.1082728289
0.2427255705,0.9353606045,0.003083543828,0.2915921694,0.001465116279,0.1093806217
0.2472772684,0.974552649,0.003301713288,0.2218293106,0.001277890466,0.1182126495
0.2528925958,0.951312706,0.003301713288,0.2218293106,0.001277890466,0.1195473383
0.2535476312,0.9673239342,0.003083543828,0.2915921694,0.001465116279,0.1117924311
0.2663876432,0.8888073877,0.003083543828,0.2915921694,0.001465116279,0.1145881373
0.2776548384,0.7396806431,0.00970612416,0.002970249899,0.0001478702,0.36824
0.2827294587,0.946987503,0.003083543828,0.2915921694,0.001465116279,0.1180505876
0.2941788679,0.9803469334,0.003083543828,0.2915921694,0.001465116279,0.1204171539
0.2941976398,0.8991191958,0.003083543828,0.2915921694,0.001465116279,0.1204209958
0.2996257122,0.918710156,0.003301713288,0.2218293106,0.001277890466,0.1301251951
0.303092569,0.8356542082,0.009058303876,0.003915514323,0.00016977689,0.35906
0.3037272219,0.932788923,0.003301713288,0.2218293106,0.001277890466,0.1310127953
0.3144718684,0.8785507722,0.003083543828,0.2915921694,0.001465116279,0.1245011958
0.317212122,0.882911573,0.003301713288,0.2218293106,0.001277890466,0.1338895684
0.3176095558,0.7311856892,0.01923235288,0.0001926844571,3.7662358e-05,0.78039
0.3288734447,0.6679115122,0.01867707479,0.0002166411379,3.99350865e-05,0.77118
0.3342341423,0.8927536451,0.003083543828,0.2915921694,0.001465116279,0.1283535922
0.3583943273,0.9060225953,0.003083543828,0.2915921694,0.001465116279,0.1329116917
0.3678084019,0.8943240571,0.003083543828,0.2915921694,0.001465116279,0.1346459965
0.3705811888,0.905315953,0.003301713288,0.2218293106,0.001277890466,0.1447149967
0.3716411151,0.923874564,0.003301713288,0.2218293106,0.001277890466,0.1449218039
0.3727188628,0.9185445279,0.003083543828,0.2915921694,0.001465116279,0.1355418186
0.3846190109,0.6582798019,0.02220760823,0.0001083850071,2.82467685e-05,0.99163
0.3926811264,0.9225828807,0.003083543828,0.2915921694,0.001465116279,0.139124186
0.3987919253,0.6823227048,0.02147929088,0.0001238501687,3.01948215e-05,0.97662
0.4026002437,0.7553223784,0.0165843752,0.0003484816401,5.0649378e-05,0.75765
0.4047252699,0.9410233563,0.003083543828,0.2915921694,0.001465116279,0.1412416501
0.4200100498,0.8184318571,0.005376335873,0.03155228314,0.00048194731,0.25087
0.4241049339,0.936106401,0.003301713288,0.2218293106,0.001277890466,0.1548133885
0.4268386893,0.9282798727,0.003083543828,0.2915921694,0.001465116279,0.1450489238
0.4495948563,0.9345646442,0.003083543828,0.2915921694,0.001465116279,0.1488652356
0.4510519133,0.906417789,0.003301713288,0.2218293106,0.001277890466,0.1596559538
0.4514069127,0.9555036917,0.003301713288,0.2218293106,0.001277890466,0.1597187699
0.4557207876,0.9381470609,0.003301713288,0.2218293106,0.001277890466,0.1604801323
0.461189023,0.9367866213,0.003083543828,0.2915921694,0.001465116279,0.1507724886
0.470997125,0.8895729288,0.003083543828,0.2915921694,0.001465116279,0.1523672924
0.4740837579,0.945821374,0.003301713288,0.2218293106,0.001277890466,0.1636814231
0.4879355367,0.9352994182,0.003083543828,0.2915921694,0.001465116279,0.1550828761
0.4963713722,0.94203736,0.003301713288,0.2218293106,0.001277890466,0.1674847298
0.4981431988,0.9564721236,0.003301713288,0.2218293106,0.001277890466,0.1677833868
0.5001312076,0.823924568,0.00970612416,0.002970249899,0.0001478702,0.49422
0.5225969423,0.9293957251,0.003301713288,0.2218293106,0.001277890466,0.1718522752
0.5731562658,0.8297553467,0.009058303876,0.003915514323,0.00016977689,0.49376
0.5842051616,0.9234096478,0.003301713288,0.2218293106,0.001277890466,0.1816998417
0.5900468012,0.9411095967,0.003301713288,0.2218293106,0.001277890466,0.1826060172
0.5901576429,0.8933571346,0.003083543828,0.2915921694,0.001465116279,0.1705558578
0.592230155,0.9076866879,0.003083543828,0.2915921694,0.001465116279,0.1708550739
0.6108365362,0.8579227099,0.003083543828,0.2915921694,0.001465116279,0.1735182364
0.6293470127,0.8560406605,0.003083543828,0.2915921694,0.001465116279,0.1761277186
0.6553856823,0.870271754,0.003301713288,0.2218293106,0.001277890466,0.1924510694
0.6584590756,0.6720792568,0.02081823067,0.000140346341,3.21428745e-05,1.2163
0.6881787387,0.9259608068,0.003301713288,0.2218293106,0.001277890466,0.1972070695
0.7013352395,0.9173206865,0.003083543828,0.2915921694,0.001465116279,0.1859282804
0.709672042,0.9073061335,0.003301713288,0.2218293106,0.001277890466,0.2002629928
0.7317532028,0.6763583575,0.01957277494,0.0001796249874,3.6363656e-05,1.2055
0.81442218,0.9334779241,0.003301713288,0.2218293106,0.001277890466,0.2145342569
0.9103322025,0.8694621335,0.003301713288,0.2218293106,0.001277890466,0.226815018
0.9661397818,0.6673805113,0.01906867031,0.0001993860271,3.8311709e-05,1.3495
1.01815332,0.782226144,0.005459694865,0.02966899768,0.00046734285,0.39665
1.045273445,0.7527145306,0.003083543828,0.2915921694,0.001465116279,0.2269852207
1.050973395,0.6965270917,0.01782766766,0.000260974601,4.38311925e-05,1.3159
1.11746476,0.8537051045,0.003301713288,0.2218293106,0.001277890466,0.2512978495
1.171675049,0.8814473212,0.003301713288,0.2218293106,0.001277890466,0.2573211269
1.193197274,0.6542141827,0.01940032422,0.0001860974439,3.7013007e-05,1.5258
1.3407082,0.8829738175,0.003083543828,0.2915921694,0.001465116279,0.2570690277
1.380481174,0.8997081901,0.003301713288,0.2218293106,0.001277890466,0.2793103945
1.390158606,0.6811545573,0.01720193937,0.0003010694643,4.70779475e-05,1.4603
1.395996544,0.9161391009,0.003301713288,0.2218293106,0.001277890466,0.280875608
1.509571394,0.5861639632,0.0128924651,0.0009541848169,8.3810883e-05,1.1405
1.729993433,0.6694771427,0.00970612416,0.002970249899,0.0001478702,0.91918
1.859375573,0.6600474515,0.009058303876,0.003915514323,0.00016977689,0.88933
2.011556975,0.6806409736,0.01206947175,0.001242290916,9.56303665e-05,1.2325
2.494823168,0.562280569,0.011621111,0.001445392385,0.000103151856,1.3216
2.521350739,0.6141835127,0.01332667589,0.0008357743079,7.84383905e-05,1.5236
2.650954617,0.5977149692,0.01355129861,0.0007817226552,7.58595941e-05,1.5886
3.312077954,0.56880203,0.01714292739,0.0003052364661,4.7402623e-05,2.2463
3.425571672,0.662131058,0.003301713288,0.2218293106,0.001277890466,0.4399855192
3.454383665,0.59325391,0.003301713288,0.2218293106,0.001277890466,0.4418319724
3.464659627,0.587680058,0.003301713288,0.2218293106,0.001277890466,0.4424886564
3.484057799,0.826962933,0.003301713288,0.2218293106,0.001277890466,0.4437256452
4.487856321,0.4958475228,0.01193610333,0.001298751556,9.77793635e-05,1.8206
4.780434529,0.4522299878,0.01763282867,0.000272702054,4.480519481e-05,2.7758
5.477052631,0.4920592333,0.01150191697,0.001506244409,0.000105300853,1.9381
5.710188683,0.5525530414,0.0107113459,0.002002627536,0.0001214183305,1.8429
6.165287875,0.4802515229,0.01138631688,0.001568351113,0.00010744985,2.0356
6.18634814,0.5411663173,0.00905846733,0.003915231718,0.000169770763,1.6222
7.003804388,0.4088953524,0.01732181496,0.0002928213781,4.64285965e-05,3.3006
7.390351756,0.4989432293,0.01039423767,0.002258425602,0.00012893982,2.0345
7.676501981,0.4122355179,0.0126514632,0.001028995165,8.70343785e-05,2.5238
7.911269824,0.3968352467,0.01750642211,0.0002806640428,4.545457e-05,3.5453
10.07225651,0.4704769162,0.006891312469,0.01168876401,0.0002933380905,1.5747
10.07812322,0.4217661598,0.01168211462,0.001415436879,0.0001020773575,2.6702
12.18134224,0.4032473027,0.007524289982,0.00822459007,0.0002460601565,1.8908
13.20397892,0.3741197474,0.01156105317,0.001475661562,0.0001042263545,3.0247
13.50368925,0.4220068027,0.01111190747,0.001729107102,0.0001128223425,2.94
13.74520045,0.3803324867,0.008112414876,0.006086613833,0.0002116762045,2.1655
14.82801162,0.3627624159,0.01061779523,0.002074144346,0.0001235673275,2.9438
15.25577248,0.4252605319,0.008837495829,0.004321748326,0.000178366751,2.4853
18.89474556,0.3367011921,0.008174899098,0.005902646248,0.000208452709,2.5585
23.74068898,0.3334626855,0.007933222879,0.006655454782,0.000221346691,2.7831
24.33182824,0.3392401926,0.007952548663,0.006590995551,0.0002202721925,2.8244
25.56594416,0.3253181577,0.008784734188,0.00442651418,0.000180515748,3.1981
25.67546149,0.3266452161,0.009029936654,0.003964948448,0.0001708452615,3.2944
33.24171083,0.3214428296,0.006878725586,0.01177455281,0.000294412589,2.8555
