We;R (m);tc (s);epsilon;Oh;Bo
0,071108599;0,00026579;0,002;0,652174516;0,132835042;0,01124633
0,015942798;0,000271072;0,0027;0,657427442;0,131534308;0,011697829
0,007174678;0,00027062;0,0031;0,589239044;0,131644288;0,011658787
0,140914025;0,000267561;0,0018;0,607279594;0,132394509;0,011396764
0,051603533;0,000264522;0,0021;0,652896691;0,133152929;0,011139317
0,12396308;0,000263802;0,0019;0,613288292;0,133334489;0,011078768
0,04586383;0,000259278;0,0022;0,661094176;0,134492788;0,010702013
0,132946137;0,000274372;0,0019;0,643142461;0,130741023;0,011984335
0,118786446;0,000276029;0,0018;0,649008812;0,130347926;0,012129557
0,048900568;0,000275182;0,0023;0,658399183;0,130548488;0,01205519
0,021509328;0,000274103;0,0026;0,659337337;0,130805204;0,011960831
0,009720011;0,000273159;0,0029;0,596841839;0,131031029;0,011878589
0,003749861;0,000272393;0,0036;0,409158704;0,131215147;0,011812058
0,167956522;0,000267488;0,0018;0,603381478;0,132412714;0,011390498
0,195372355;0,000276503;0,0018;0,599198222;0,130236206;0,012171231
0,069590306;0,000273246;0,002;0,645283986;0,131010176;0,011886153
0,028189994;0,000268644;0,0023;0,645183409;0,132127505;0,011489166
0,01201206;0,000265517;0,0026;0,640890869;0,132903194;0,01122328
0,004749176;0,000263757;0,003;0,293025246;0,13334586;0,011074989
0,230672975;0,000279338;0,0018;0,614315576;0,129573618;0,012422103
0,087651759;0,000279801;0,002;0,658669865;0,129466395;0,012463305
0,037957894;0,00027997;0,0022;0,664546271;0,129427333;0,012478358
0,016872204;0,000279612;0,0025;0,655634475;0,129510075;0,0124465
0,007451103;0,000279176;0,0029;0,61016866;0,129611136;0,012407726
0,232253238;0,000274609;0,0017;0,607952569;0,130684606;0,012005043
0,406734785;0,000273904;0,0016;0,569765939;0,130852702;0,011943474
0,132289613;0,00027086;0,0018;0,631261157;0,131585887;0,011679499
0,390303084;0,000277322;0,0017;0,572916706;0,130043717;0,012243454
0,128589946;0,000275442;0,0019;0,634527365;0,130486905;0,012077964
0,051480604;0,000272495;0,0022;0,660607696;0,13119044;0,011820959
0,022243656;0,000269835;0,0025;0,662149213;0,131835479;0,011591303
0,010159451;0,000267666;0,0028;0,633316363;0,132368594;0,011405692
0,004059508;0,000265995;0,0033;0,536802555;0,132783745;0,011263719
0,611290409;0,000276423;0,0016;0,540727332;0,130255076;0,01216418
0,180062532;0,000275029;0,0018;0,615086314;0,130584796;0,012041789
0,594867364;0,000278305;0,0016;0,549377381;0,129813947;0,012330368
0,804321233;0,000282383;0,0015;0,528166149;0,128873049;0,012694425
0,207242738;0,000257558;0,0017;0,622142927;0,134941171;0,010560477
0,086171681;0,000283328;0,002;0,658714853;0,128658154;0,012779451
0,983032695;0,000275104;0,0014;0,510409909;0,130567012;0,01204835
0,257061637;0,000273049;0,0017;0,605015086;0,131057312;0,011869063
1,229099408;0,000280628;0,0013;0,508968209;0,129275403;0,012537122
0,312520223;0,000281838;0,0016;0,628959094;0,128997713;0,012645424
1,237273194;0,000282569;0,0013;0,5036716;0,128830772;0,012711096
1,456495015;0,000276459;0,0013;0,515288078;0,130246521;0,012167376
1,431162209;0,000279173;0,0013;0,500725795;0,129612027;0,012407385
1,618632194;0,000277771;0,0013;0,49735327;0,129938612;0,012283116
1,614611417;0,000279123;0,0013;0,480788135;0,129623593;0,012402957
0,379396027;0,000280661;0,0016;0,592937475;0,129267917;0,012540026
1,625089688;0,00028121;0,0013;0,486279388;0,129141565;0,012589175
0,388647137;0,00028163;0,0016;0,598613278;0,129045268;0,012626795
1,789593147;0,000277064;0,0013;0,483952965;0,130104397;0,012220629
1,823117741;0,000281737;0,0013;0,488806884;0,129020716;0,012636409
1,983437633;0,000275924;0,0012;0,489404517;0,130372812;0,012120299
1,964176164;0,000275279;0,0012;0,49251877;0,130525533;0,012063673
3,820881953;0,00027635;0,0011;0,430543528;0,130272193;0,012157788
3,848594278;0,000282807;0,0012;0,427956035;0,128776601;0,012732498
4,124852936;0,000274144;0,0011;0,424019512;0,130795452;0,011964399
4,186950939;0,000282473;0,0011;0,411452342;0,128852692;0,012702449
4,298283059;0,000265485;0,0012;0,42114743;0,132911216;0,01122057
4,352522415;0,00026696;0,0012;0,419238954;0,132543668;0,011345549
0,071200099;0,000270081;0,0021;0,653039587;0,131775395;0,011612458
0,0161585;0,00027474;0,0027;0,642149696;0,130653422;0,012016509
0,007295543;0,000275179;0,0031;0,540789553;0,130549262;0,012054905
0,141934231;0,000269499;0,0018;0,606314615;0,131917833;0,011562385
0,05201898;0,000266652;0,0021;0,650229466;0,132620153;0,011319399
0,125195421;0,000266425;0,0019;0,611837894;0,132676638;0,011300135
0,046331318;0,000261921;0,0022;0,657486572;0,133812544;0,010921295
0,133698254;0,000275924;0,0019;0,64234903;0,130372763;0,012120317
0,119366777;0,000277378;0,0018;0,648239692;0,130030681;0,012248365
0,049180499;0,000276757;0,0023;0,656252261;0,130176423;0,012193605
0,021719632;0,000276783;0,0026;0,651039023;0,13017039;0,012195865
0,009875835;0,000277538;0,003;0,565840291;0,129993197;0,012262498
0,003852773;0,000279868;0,0065;0,166887422;0,129450839;0,012469297
0,168630916;0,000268562;0,0018;0,602930004;0,132147674;0,011482154
0,195993113;0,000277382;0,0018;0,598867792;0,130029798;0,012248697
0,069836659;0,000274213;0,002;0,644346281;0,130778899;0,011970457
0,028386006;0,000270512;0,0023;0,640775994;0,131670529;0,011649496
0,01215809;0,000268745;0,0026;0,622915518;0,132102635;0,011497821
0,004847702;0,000269229;0,0031;0,531065218;0,13198382;0,011539279
0,231481412;0,000280317;0,0018;0,614008275;0,129347156;0,012509326
0,088022997;0,000280986;0,002;0,657754912;0,129193093;0,012569103
0,038204065;0,000281786;0,0022;0,661330265;0,129009672;0,012640736
0,017053023;0,000282609;0,0025;0,643463222;0,128821626;0,012714707
0,007575565;0,00028384;0,0029;0,562738525;0,12854201;0,012825701
0,233049725;0,000275551;0,0017;0,607660925;0,130461096;0,012087524
0,407807529;0,000274626;0,0016;0,569629995;0,130680484;0,012006558
0,131307118;0,000271838;0,0019;0,634253196;0,131349015;0,011763977
0,391216557;0,000277971;0,0017;0,572788546;0,129891805;0,012300831
0,129009722;0,000276341;0,0019;0,634043959;0,130274441;0,012156948
0,051777132;0,000274065;0,0022;0,658602542;0,130814236;0,011957528
0,022467865;0,000272555;0,0025;0,65416849;0,13117603;0,011826154
0,009909314;0,000272167;0,0029;0,615441662;0,131269513;0,011792502
0,004175356;0,000273586;0,0034;0,361503532;0,130928689;0,011915772
0,612899269;0,00027715;0,0016;0,540630467;0,130084004;0,012228294
0,180603924;0,000275856;0,0018;0,614759323;0,130388923;0,012114309
0,596354278;0,000279;0,0016;0,549283064;0,129652011;0,012392086
0,80579065;0,000282899;0,0015;0,528111554;0,128755491;0,01274085
0,208129719;0,00025866;0,0017;0,621792279;0,134653326;0,010651067
0,086447035;0,000284233;0,002;0,657995048;0,128453087;0,012861253
0,985583785;0,000275818;0,0014;0,510347589;0,130397922;0,012110965
0,257734282;0,000273764;0,0017;0,604815361;0,130886181;0,011931259
1,229735517;0,000280774;0,0013;0,508957837;0,129241964;0,012550102
0,312876117;0,000282159;0,0016;0,628885828;0,128924325;0,012674242
1,237036912;0,000282515;0,0013;0,503675496;0,128843076;0,012706242
1,459913186;0,000277108;0,0013;0,51525003;0,130093956;0,012224553
1,432844743;0,000279501;0,0013;0,500705439;0,129535905;0,012436575
1,621682032;0,000278294;0,0013;0,49732452;0,129816369;0,012329448
1,614938222;0,000279179;0,0013;0,480784901;0,129610477;0,012407978
0,379730884;0,000280909;0,0016;0,592888273;0,129210908;0,012562172
1,628979585;0,000281883;0,0013;0,486241254;0,128987282;0,012649516
0,389923944;0,000282555;0,0016;0,598434947;0,128833816;0,012709895
1,797869739;0,000278345;0,0013;0,483887703;0,12980458;0,012333928
1,830611047;0,000282895;0,0013;0,488748599;0,128756383;0,012740497
1,996388991;0,000277726;0,0012;0,489322979;0,129949234;0,012279101
1,978011244;0,000277218;0,0012;0,492430925;0,130068256;0,012234217
3,840793978;0,00027779;0,0011;0,430505012;0,129934066;0,012284835
3,870739935;0,000284434;0,0012;0,42791155;0,128407688;0,012879451
4,14511061;0,00027549;0,0011;0,423985915;0,130475454;0,012082205
4,211820296;0,00028415;0,0011;0,411408544;0,128471713;0,012853796
4,339728961;0,000268045;0,0012;0,421087657;0,13227502;0,011438001
4,406057657;0,000270243;0,0012;0,419162471;0,13173598;0,011626362
0,084639445;0,000287976;0,002;0,664124231;0,127615649;0,013202182
0,03856766;0,00029031;0,0022;0,655390788;0,12710141;0,013417141
0,017119932;0,000293382;0,0024;0,661634889;0,126434319;0,013702555
0,007707074;0,000294511;0,0028;0,661600626;0,126191829;0,013808182
0,066222143;0,000286744;0,002;0,700533682;0,127889434;0,013089492
0,032452494;0,00028927;0,0022;0,705674117;0,127329865;0,013321108
0,016039044;0,000292521;0,0025;0,705982692;0,126620183;0,013622277
0,008297376;0,000293587;0,0027;0,676349875;0,126390213;0,013721692
0,007880224;0,00029111;0,0028;0,6674115;0,126926784;0,013491131
0,017266736;0,000288166;0,0025;0,669276599;0,127573406;0,013219677
0,037316584;0,000285099;0,0022;0,66747839;0,128257805;0,012939761
0,083634501;0,000293128;0,002;0,678965843;0,126489004;0,013678875
0,038677799;0,000292281;0,0021;0,688937638;0,126672277;0,013599882
0,017744092;0,000290876;0,0025;0,715353523;0,126977825;0,013469452
0,008126335;0,000289718;0,0028;0,756926025;0,127231303;0,013362433
