solver,We,Bo,Oh,M,K,rheology,t_max,h_thresh,cor,tc,cor_internal,tc_internal,min_gap,n_detected,maxcp,rejects,gap_fraction,lcp_resid,eta_sweeps,wall_s,commit,stamp
search,1,0.0189,0.303767,20,2,newtonian,25,0.02,0.3620611301,2.284906217,0.3620611301,2.267726471,-0.005301170797,267,7,0,0.01515151515,NaN,1,2.11313796,af2201e,2026-08-05T08:14:45.371
lcp,0.3,0.0189,0.05,20,2,newtonian,25,0.02,0.7456014367,2.362215074,0.7456014367,2.345035328,-0.02949666024,252,6,0,0.5018315018,1.734723476e-18,1,2.731444836,af2201e,2026-08-05T08:14:46.122
lcp,1,0.0189,0.303767,20,2,newtonian,25,0.02,0.361778117,2.284906217,0.361778117,2.267726471,-0.007354182691,267,7,0,0.06439393939,4.734270267e-12,1,2.726489782,af2201e,2026-08-05T08:14:46.123
search,0.4042823217,0.0158,0.2889,45,2,newtonian,25,0.02,0.4544984424,2.489630131,0.4544984424,2.484480947,-0.0009947750956,968,11,0,0.00310880829,NaN,1,5.341113091,af2201e,2026-08-05T08:15:09.872
search,0.4042823217,0.0188,0.0373,45,2,newtonian,25,0.02,0.7679906237,2.533398189,0.7679906237,2.528249005,-0.0008824793024,985,12,0,0.005091649695,NaN,1,5.43652916,af2201e,2026-08-05T08:15:09.863
search,0.4042823217,0.0526,0.0233,45,2,newtonian,25,0.02,0.7992637368,2.530823597,0.7992637368,2.525674414,-0.0007931544859,984,12,0,0.005096839959,NaN,1,5.393681049,af2201e,2026-08-05T08:15:09.865
search,0.4042823217,0.0178,0.0767,45,2,newtonian,25,0.02,0.6778702946,2.553994922,0.6778702946,2.548845739,-0.0008331249436,993,12,0,0.00303030303,NaN,1,5.665764093,af2201e,2026-08-05T08:15:10.044
search,0.4042823217,0.0271,0.6849,45,2,newtonian,25,0.02,0.2570218988,2.790857354,0.2560343063,2.466458806,-0.001090233246,1085,11,0,0.001043841336,NaN,1,5.603909016,af2201e,2026-08-05T08:15:10.115
search,0.02,0.0178,0.0767,45,2,newtonian,25,0.02,0.8453009183,3.488571693,0.8453009183,3.483422509,-0.0004168529366,1356,6,0,0,NaN,1,6.468401909,af2201e,2026-08-05T08:15:10.835
search,0.02,0.0526,0.0233,45,2,newtonian,25,0.02,0.8547385096,3.720284942,0.8547385096,3.715135758,-0.0004342799075,1446,7,0,0,NaN,1,6.574905157,af2201e,2026-08-05T08:15:11.069
search,0.02,0.0188,0.0373,45,2,newtonian,25,0.02,0.8955046867,3.473124143,0.8955046867,3.467974959,-0.0004154289132,1350,6,0,0,NaN,1,6.722584963,af2201e,2026-08-05T08:15:11.075
search,0.02,0.0158,0.2889,45,2,newtonian,25,0.02,0.6390771478,3.540063526,0.6390771478,3.491146284,-0.0004429794765,1376,6,0,0,NaN,1,6.475291967,af2201e,2026-08-05T08:15:10.850
search,0.02,0.0271,0.6849,45,2,newtonian,25,0.02,0.2685643904,4.157965523,0.2685643904,3.872185849,-0.0005134583101,1616,6,0,0,NaN,1,7.105777979,af2201e,2026-08-05T08:15:11.461
lcp,0.4042823217,0.0526,0.0233,45,2,newtonian,25,0.02,0.8179137251,2.296535756,0.8179137251,2.291386573,-0.03390991004,836,12,0,0.2640449438,7.758625339e-11,1,6.679274797,af2201e,2026-08-05T08:15:18.466
lcp,0.4042823217,0.0178,0.0767,45,2,newtonian,25,0.02,0.6751143591,2.342878406,0.6751143591,2.33258004,-0.007511759566,911,12,0,0.1037527594,5.963192188e-10,1,6.821277857,af2201e,2026-08-05T08:15:18.466
lcp,0.4042823217,0.0158,0.2889,45,2,newtonian,25,0.02,0.4545579593,2.489630131,0.4545579593,2.484480947,-0.0009901747232,968,11,0,0.01761658031,1.037606034e-10,1,6.925698042,af2201e,2026-08-05T08:15:18.467
lcp,0.4042823217,0.0188,0.0373,45,2,newtonian,25,0.02,0.7686231398,2.304259531,0.7686231398,2.252767698,-0.01939752971,896,12,0,0.1942857143,7.280736031e-10,1,6.627552032,af2201e,2026-08-05T08:15:18.479
lcp,0.4042823217,0.0271,0.6849,45,2,newtonian,25,0.02,0.2570375777,2.790857354,0.2560499852,2.466458806,-0.001075257883,1085,11,0,0.003131524008,4.063146464e-10,1,7.539700031,af2201e,2026-08-05T08:15:18.667
lcp,0.02,0.0178,0.0767,45,2,newtonian,25,0.02,0.8470141344,3.483422509,0.8470141344,3.478273326,-0.004667037042,1354,6,0,0.3478904515,1.221598096e-10,1,9.015382051,af2201e,2026-08-05T08:15:20.142
lcp,0.02,0.0188,0.0373,45,2,newtonian,25,0.02,0.8970419974,3.457676593,0.8970419974,3.45252741,-0.006437679419,1344,6,0,0.5876211782,5.385076491e-10,1,9.278619051,af2201e,2026-08-05T08:15:20.403
lcp,0.02,0.0526,0.0233,45,2,newtonian,25,0.02,0.8948129549,3.581256992,0.8948129549,3.576107809,-0.01186255037,1392,7,0,0.5233981281,5.032943697e-10,1,9.603139877,af2201e,2026-08-05T08:15:20.753
lcp,0.02,0.0158,0.2889,45,2,newtonian,25,0.02,0.6390691635,3.540063526,0.6390691635,3.488571693,-0.0004617418655,1376,6,0,0.03394833948,2.710505431e-20,1,9.746510029,af2201e,2026-08-05T08:15:20.870
search,1.101293315,0.0526,0.0233,45,2,newtonian,25,0.02,0.7070455131,2.31713249,0.7070455131,2.311983306,-0.001454729265,901,14,0,0.001113585746,NaN,1,3.599804878,af2201e,2026-08-05T08:15:22.126
lcp,0.02,0.0271,0.6849,45,2,newtonian,25,0.02,0.2684739029,4.157965523,0.2684739029,3.872185849,-0.000508258127,1616,6,0,0,7.593664656e-11,1,10.82257915,af2201e,2026-08-05T08:15:22.346
search,1.101293315,0.0158,0.2889,45,2,newtonian,25,0.02,0.3639701141,2.250193107,0.3639701141,2.245043923,-0.001541050832,875,13,0,0.001146788991,NaN,1,3.841647148,af2201e,2026-08-05T08:15:22.360
search,1.101293315,0.0188,0.0373,45,2,newtonian,25,0.02,0.6635866814,2.327430856,0.6635866814,2.322281673,-0.001488867866,905,14,0,0.005543237251,NaN,1,4.102210045,af2201e,2026-08-05T08:15:22.629
search,1.101293315,0.0178,0.0767,45,2,newtonian,25,0.02,0.5681460401,2.342878406,0.5681460401,2.337729223,-0.001567862187,911,14,0,0.001101321586,NaN,1,4.381839991,af2201e,2026-08-05T08:15:22.901
search,1.101293315,0.0271,0.6849,45,2,newtonian,25,0.02,0.205118557,2.479331764,0.2031904811,2.188402907,-0.001528486075,964,13,0,0.001176470588,NaN,1,4.592641115,af2201e,2026-08-05T08:15:23.303
search,0.05448139855,0.0178,0.0767,45,2,newtonian,25,0.02,0.8209207886,3.115255903,0.8209207886,3.110106719,-0.0004721366253,1211,8,0,0,NaN,1,5.11589694,af2201e,2026-08-05T08:15:25.301
search,0.05448139855,0.0188,0.0373,45,2,newtonian,25,0.02,0.8834669514,3.089509986,0.8834669514,3.084360803,-0.0004604252309,1201,8,0,0,NaN,1,5.224473,af2201e,2026-08-05T08:15:25.672
search,0.05448139855,0.0158,0.2889,45,2,newtonian,25,0.02,0.601614373,3.146151003,0.601614373,3.104957536,-0.0005333677791,1223,7,0,0,NaN,1,5.248181105,af2201e,2026-08-05T08:15:26.167
search,0.05448139855,0.0526,0.0233,45,2,newtonian,25,0.02,0.8802185954,3.182195286,0.8802185954,3.177046102,-0.0004791589662,1237,8,0,0,NaN,1,5.426537991,af2201e,2026-08-05T08:15:26.223
lcp,1.101293315,0.0526,0.0233,45,2,newtonian,25,0.02,0.7236907889,2.018479858,0.7236907889,1.990159349,-0.03899374951,771,14,0,0.169469599,6.334085687e-10,1,4.751697063,af2201e,2026-08-05T08:15:26.917
lcp,1.101293315,0.0178,0.0767,45,2,newtonian,25,0.02,0.5607219218,2.062247916,0.5607219218,2.049374957,-0.007823494241,802,14,0,0.05025125628,4.687176593e-10,1,4.64129281,af2201e,2026-08-05T08:15:27.572
lcp,1.101293315,0.0158,0.2889,45,2,newtonian,25,0.02,0.3640226312,2.250193107,0.3640226312,2.245043923,-0.001533199271,875,13,0,0.01376146789,3.018435216e-11,1,5.181867123,af2201e,2026-08-05T08:15:27.588
search,0.05448139855,0.0271,0.6849,45,2,newtonian,25,0.02,0.3152717506,3.558085667,0.3152717506,3.25170926,-0.0006193653574,1383,7,0,0,NaN,1,5.256067038,af2201e,2026-08-05T08:15:27.655
lcp,1.101293315,0.0188,0.0373,45,2,newtonian,25,0.02,0.6571906014,2.075120874,0.6571906014,2.069971691,-0.03356626761,782,13,0,0.2885572139,5.119272038e-10,1,5.069290876,af2201e,2026-08-05T08:15:27.747
lcp,1.101293315,0.0271,0.6849,45,2,newtonian,25,0.02,0.2051363957,2.479331764,0.2032083198,2.188402907,-0.001534323621,964,13,0,0,6.098695657e-10,1,5.684794903,af2201e,2026-08-05T08:15:29.028
search,3,0.0178,0.0767,45,2,newtonian,25,0.02,0.4588452133,2.170380765,0.4588452133,2.165231582,-0.003284058592,844,16,0,0,NaN,1,3.296298981,af2201e,2026-08-05T08:15:30.904
search,3,0.0158,0.2889,45,2,newtonian,25,0.02,0.2799886542,2.059673324,0.2799886542,2.054524141,-0.002596000622,801,15,0,0.001253132832,NaN,1,3.437068939,af2201e,2026-08-05T08:15:31.077
search,3,0.0188,0.0373,45,2,newtonian,25,0.02,0.55205108,2.154933215,0.55205108,2.149784032,-0.003277169091,838,16,0,0,NaN,1,3.518100023,af2201e,2026-08-05T08:15:31.312
lcp,0.05448139855,0.0188,0.0373,45,2,newtonian,25,0.02,0.8911575976,2.983951728,0.8911575976,2.976227953,-0.01048380983,1160,7,0,0.5579584775,1.520736375e-10,1,6.749416113,af2201e,2026-08-05T08:15:32.467
search,3,0.0271,0.6849,45,2,newtonian,25,0.02,0.1544994882,2.23989474,0.1527673383,1.969562616,-0.002169393718,871,15,0,0,NaN,1,3.620013952,af2201e,2026-08-05T08:15:32.692
lcp,0.05448139855,0.0178,0.0767,45,2,newtonian,25,0.02,0.8219757695,3.110106719,0.8219757695,3.104957536,-0.005715956869,1209,8,0,0.2653399668,1.635954844e-10,1,7.499854088,af2201e,2026-08-05T08:15:32.870
lcp,0.05448139855,0.0526,0.0233,45,2,newtonian,25,0.02,0.9082317761,3.053465703,0.9082317761,3.045741928,-0.01645709046,1187,8,0,0.5274725275,2.688115217e-10,1,6.819506168,af2201e,2026-08-05T08:15:33.104
lcp,0.05448139855,0.0158,0.2889,45,2,newtonian,25,0.02,0.6016747732,3.146151003,0.6016747732,3.104957536,-0.0005505003911,1223,7,0,0.02985074627,1.676152863e-11,1,7.579389095,af2201e,2026-08-05T08:15:33.800
lcp,3,0.0178,0.0767,45,2,newtonian,25,0.02,0.4392263247,1.822810892,0.4392263247,1.791915792,-0.0137326193,709,15,0,0.06609195402,1.217516563e-09,1,4.233217001,af2201e,2026-08-05T08:15:35.178
lcp,3,0.0188,0.0373,45,2,newtonian,25,0.02,0.5133557511,1.761020692,0.5132998609,1.719827226,-0.04362742414,616,15,0,0.2979041916,1.844206584e-09,1,3.998123884,af2201e,2026-08-05T08:15:35.344
lcp,0.05448139855,0.0271,0.6849,45,2,newtonian,25,0.02,0.3152505449,3.558085667,0.3152505449,3.25170926,-0.0006166896248,1383,7,0,0.0007917656374,8.308718698e-11,1,8.004489899,af2201e,2026-08-05T08:15:35.708
lcp,3,0.0158,0.2889,45,2,newtonian,25,0.02,0.2800203678,2.059673324,0.2800203678,2.054524141,-0.002927944809,801,15,0,0.007518796992,7.240632573e-12,1,4.836405993,af2201e,2026-08-05T08:15:35.946
search,0.1484111394,0.0178,0.0767,45,2,newtonian,25,0.02,0.7662822695,2.808879496,0.7662822695,2.803730312,-0.0005939241721,1092,10,0,0,NaN,1,3.522377014,af2201e,2026-08-05T08:15:36.451
search,0.1484111394,0.0188,0.0373,45,2,newtonian,25,0.02,0.84390029,2.783133579,0.84390029,2.777984396,-0.0005504314648,1082,10,0,0,NaN,1,3.954029083,af2201e,2026-08-05T08:15:36.464
search,0.1484111394,0.0526,0.0233,45,2,newtonian,25,0.02,0.859791775,2.806304904,0.859791775,2.801155721,-0.000557147705,1091,10,0,0,NaN,1,3.852184057,af2201e,2026-08-05T08:15:37.001
lcp,3,0.0271,0.6849,45,2,newtonian,25,0.02,0.1545106729,2.23989474,0.152778523,1.969562616,-0.002124229047,871,15,0,0,5.161158805e-10,1,4.740257025,af2201e,2026-08-05T08:15:37.478
search,0.1484111394,0.0158,0.2889,45,2,newtonian,25,0.02,0.5379920811,2.793431946,0.5379920811,2.772835213,-0.0006991793281,1086,9,0,0,NaN,1,3.655821085,af2201e,2026-08-05T08:15:37.506
search,0.1484111394,0.0271,0.6849,45,2,newtonian,25,0.02,0.2997880246,3.138427228,0.2997880246,2.811454087,-0.0007933489319,1220,9,0,0,NaN,1,3.165954113,af2201e,2026-08-05T08:15:38.918
lcp,0.1484111394,0.0188,0.0373,45,2,newtonian,25,0.02,0.844673564,2.608061347,0.844673564,2.579740838,-0.0219749778,994,9,0,0.4810379242,2.366776644e-10,1,3.909741879,af2201e,2026-08-05T08:15:40.412
lcp,0.1484111394,0.0178,0.0767,45,2,newtonian,25,0.02,0.7710192244,2.667276955,0.7710192244,2.649254813,-0.006512059774,1037,10,0,0.1904761905,3.99855077e-10,1,4.009259224,af2201e,2026-08-05T08:15:40.491
lcp,0.1484111394,0.0526,0.0233,45,2,newtonian,25,0.02,0.8811707166,2.618359713,0.8811707166,2.61321053,-0.02222239964,999,9,0,0.6019704433,6.818547341e-10,1,3.724745989,af2201e,2026-08-05T08:15:40.771
lcp,0.1484111394,0.0158,0.2889,45,2,newtonian,25,0.02,0.5380449456,2.793431946,0.5380449456,2.770260621,-0.0006902180485,1086,9,0,0.01208178439,5.579225612e-12,1,3.554008961,af2201e,2026-08-05T08:15:41.089
lcp,0.1484111394,0.0271,0.6849,45,2,newtonian,25,0.02,0.299786328,3.138427228,0.299786328,2.811454087,-0.0007863384406,1220,9,0,0,1.200749535e-10,1,3.036396027,af2201e,2026-08-05T08:15:41.991
search,3,0.0526,0.0233,45,2,newtonian,25,0.02,1.135955466e-15,25.00185956,NaN,24.99928497,-0.6141151949,9712,45,0,0.0002059732235,NaN,1,19.11231303,af2201e,2026-08-05T08:15:46.125
lcp,3,0.0526,0.0233,45,2,newtonian,25,0.02,0.5816816511,1.807363342,0.5816816511,1.802214159,-0.02742714178,676,16,0,0.2214285714,2.881344463e-09,1,1.077080965,af2201e,2026-08-05T08:15:47.228
search,0.3169786385,0.012,57.0686877,14,2,carreau_3000ppm,25,0.02,0.7445573663,2.623429933,0.7445573663,2.59432114,-0.00531165734,183,4,3,0.02805049088,NaN,12,152.093504,af2201e,2026-08-05T08:17:37.075
lcp,0.3169786385,0.012,57.0686877,14,2,carreau_3000ppm,25,0.02,0.7484900143,2.252292827,0.7484900143,2.164966449,-0.03281059052,139,4,4,0.6487394958,8.67361738e-19,12,138.715873,af2201e,2026-08-05T08:19:55.806
search,0.02,0.012,57.0686877,14,2,carreau_3000ppm,25,0.02,0.7422086667,3.756853544,0.7422086667,3.738660549,-0.003051723892,301,3,70,0.004866180049,NaN,12,384.217247,af2201e,2026-08-05T08:21:29.197
search,0.7962143411,0.012,57.0686877,14,2,carreau_3000ppm,25,0.02,0.6810762637,2.401475389,0.6810762637,2.372366597,-0.0105071205,166,5,0,0.04294478528,NaN,11,113.555228,af2201e,2026-08-05T08:21:49.378
lcp,0.7962143411,0.012,57.0686877,14,2,carreau_3000ppm,25,0.02,0.561326413,1.950289104,0.561326413,1.833853934,-0.0545984362,97,4,2,0.6825396825,3.469446952e-18,11,103.0205839,af2201e,2026-08-05T08:23:32.421
search,2,0.012,57.0686877,14,2,carreau_3000ppm,25,0.02,0.6035519841,2.24137703,0.6035519841,2.212268237,-0.04731025988,155,6,0,0.01973684211,NaN,11,124.846802,af2201e,2026-08-05T08:25:37.280
lcp,0.02,0.012,57.0686877,14,2,carreau_3000ppm,25,0.02,0.7865358828,3.334776052,0.7865358828,3.316583056,-0.01299208263,236,3,38,0.6088864509,8.67361738e-19,12,302.4952931,af2201e,2026-08-05T08:26:31.707
lcp,2,0.012,57.0686877,14,2,carreau_3000ppm,25,0.02,0.5211119531,1.782913547,0.5211119531,1.761081952,-0.06821015276,87,6,1,0.6198347107,1.734723476e-18,12,87.51612306,af2201e,2026-08-05T08:27:04.808
search,0.05023772863,0.012,57.0686877,14,2,carreau_3000ppm,25,0.02,0.7804503065,3.147388199,0.7804503065,3.125556605,-0.003193234879,233,3,29,0,NaN,12,186.5699699,af2201e,2026-08-05T08:29:38.288
lcp,0.05023772863,0.012,57.0686877,14,2,carreau_3000ppm,25,0.02,0.7805451662,2.968187195,0.7805451662,2.946355601,-0.01532245453,172,3,8,0.65575795,8.67361738e-19,12,170.742594,af2201e,2026-08-05T08:32:29.046
search,0.1261914689,0.012,57.0686877,14,2,carreau_3000ppm,25,0.02,0.781436707,2.885409066,0.781436707,2.863577472,-0.004418490292,207,4,15,0.002541296061,NaN,12,144.9001031,af2201e,2026-08-05T08:34:53.957
lcp,0.1261914689,0.012,57.0686877,14,2,carreau_3000ppm,25,0.02,0.6779259018,2.168150224,0.6673914236,2.131764233,-0.03467236452,116,3,7,0.7706422018,8.67361738e-19,11,123.3004251,af2201e,2026-08-05T08:36:57.271
